Date;Slowness;Entrance;Breakdown;Heat;Odor;Overcrowding;Dirtness;Control;Price;Flood;COVID-19
2014-03-20;32;0;29;0;0;0;0;0;0;0;0
2014-03-21;139;67;29;48;3;24;7;51;5;13;0
2014-03-22;49;50;0;10;1;10;0;17;2;0;0
2014-03-23;34;6;0;1;0;0;1;11;0;0;0
2014-03-24;299;62;47;29;17;16;15;60;2;1;0
2014-03-25;118;83;11;15;25;21;3;48;2;2;0
2014-03-26;227;134;7;83;2;24;105;63;7;3;0
2014-03-27;198;147;242;39;2;14;24;54;18;2;0
2014-03-28;95;123;18;20;8;11;14;69;0;0;0
2014-03-29;80;22;18;5;2;6;2;6;3;3;0
2014-03-30;63;25;0;2;3;0;3;4;0;3;0
2014-03-31;184;118;5;39;3;17;8;37;0;1;0
2014-04-01;103;101;13;69;2;28;13;37;3;0;1
2014-04-02;151;90;0;54;2;6;18;45;1;44;0
2014-04-03;129;147;7;20;8;20;5;40;13;5;0
2014-04-04;200;64;16;39;9;29;9;61;3;2;0
2014-04-05;77;5;34;16;10;9;4;7;6;0;0
2014-04-06;43;30;0;8;3;2;1;0;3;0;0
2014-04-07;117;107;20;125;20;25;4;49;6;0;3
2014-04-08;118;88;6;118;21;34;10;49;0;0;0
2014-04-09;91;115;14;199;33;19;6;51;9;0;0
2014-04-10;140;60;2;259;7;3;7;48;3;0;0
2014-04-11;29;48;5;36;7;2;3;20;3;0;0
2014-04-21;95;109;0;17;4;0;3;14;2;28;0
2014-04-22;97;125;5;40;4;1;6;30;1;4;0
2014-04-23;111;96;0;40;0;10;5;46;10;1;0
2014-04-24;158;100;0;24;3;3;2;48;15;30;0
2014-04-25;216;77;1;35;8;12;2;44;3;2;0
2014-04-26;118;40;0;10;4;3;11;8;2;0;0
2014-04-27;87;44;1;4;13;10;3;3;0;0;0
2014-04-28;103;135;0;23;2;1;11;50;6;8;0
2014-04-29;121;99;3;31;89;3;10;53;1;0;0
2014-04-30;172;104;6;43;25;0;9;31;2;0;0
2014-05-01;48;42;4;22;0;1;2;4;0;0;0
2014-05-02;46;43;0;5;6;0;28;6;0;4;0
2014-05-03;73;16;1;11;2;2;6;2;1;0;0
2014-05-04;56;22;2;1;1;1;8;13;3;0;0
2014-05-05;161;111;0;47;1;23;1;55;11;0;0
2014-05-06;127;107;14;39;5;7;3;25;2;1;0
2014-05-07;213;97;1;54;6;9;1;25;0;4;0
2014-05-08;113;144;4;103;13;13;13;36;2;4;0
2014-05-09;198;90;20;86;6;32;12;48;6;1;0
2014-05-10;83;34;3;29;5;6;1;2;1;0;0
2014-05-11;61;53;0;3;9;25;3;7;21;0;0
2014-05-12;97;109;6;73;9;24;11;25;0;0;0
2014-05-13;45;77;0;25;4;3;2;25;0;1;1
2014-05-14;141;90;5;46;7;9;5;27;41;3;0
2014-05-15;38;33;2;11;4;0;4;14;1;0;0
2014-05-16;114;113;12;20;5;6;2;3;0;0;0
2014-05-17;61;29;1;37;0;4;8;9;0;0;0
2014-05-18;113;46;0;15;3;11;1;5;0;1;0
2014-05-19;98;90;16;49;0;9;13;31;0;2;0
2014-05-20;95;178;3;25;3;14;15;26;1;2;2
2014-05-21;68;66;3;18;17;3;4;39;1;2;0
2014-05-22;88;90;3;10;12;10;6;32;1;5;0
2014-05-23;77;69;4;19;5;7;4;25;0;0;0
2014-05-24;60;44;0;5;0;14;1;6;8;1;0
2014-05-25;34;19;2;1;1;2;0;8;0;0;0
2014-05-26;74;67;0;17;7;11;4;22;2;1;0
2014-05-27;82;54;7;16;1;4;1;39;1;0;0
2014-05-28;77;57;0;20;9;8;3;29;2;0;0
2014-05-29;83;128;4;14;7;0;5;39;2;2;0
2014-05-30;78;65;2;11;2;1;3;24;0;2;0
2014-05-31;70;11;0;0;0;2;3;5;2;0;0
2014-06-01;48;26;0;6;1;1;5;8;0;0;0
2014-06-02;60;37;2;13;6;6;2;19;3;0;0
2014-06-03;126;56;1;29;2;1;2;40;0;1;0
2014-06-04;97;123;1;56;14;15;9;30;0;0;0
2014-06-05;54;61;0;45;4;1;1;15;0;3;0
2014-06-06;155;117;3;35;1;4;22;27;1;0;3
2014-06-07;68;36;5;8;6;0;5;13;0;0;0
2014-06-08;65;26;0;12;3;0;1;4;0;0;0
2014-06-09;99;42;0;94;13;4;10;21;4;0;0
2014-06-10;90;119;1;68;19;3;7;40;5;0;0
2014-06-11;231;141;4;78;18;20;14;30;4;0;0
2014-06-12;99;188;5;109;6;13;10;40;15;0;0
2014-06-13;142;58;6;119;10;4;4;31;3;1;0
2014-06-14;62;21;4;27;1;0;12;3;0;0;0
2014-06-15;36;28;0;11;2;0;4;3;0;0;0
2014-06-16;133;130;0;107;1;14;12;26;0;0;0
2014-06-17;177;71;15;141;6;6;3;33;5;0;0
2014-06-18;192;1190;4;178;9;12;18;26;24;1;0
2014-06-19;76;35;10;4;0;6;31;9;2;22;0
2014-06-20;96;87;6;63;14;0;10;25;0;2;0
2014-06-21;61;31;1;30;1;2;5;5;1;3;0
2014-06-22;53;44;12;177;0;8;5;3;1;1;0
2014-06-23;167;136;21;118;15;5;3;15;0;3;0
2014-06-24;136;129;3;39;5;13;9;13;0;3;0
2014-06-25;137;96;16;48;8;18;7;14;1;2;0
2014-06-26;297;185;6;85;15;14;13;27;19;9;0
2014-06-27;125;90;1;64;5;5;2;9;1;0;0
2014-06-28;64;18;9;1;4;0;2;3;1;4;0
2014-06-29;26;7;4;10;1;0;3;12;2;1;0
2014-06-30;116;98;3;24;5;9;5;6;1;0;0
2014-07-01;24;5;0;7;1;5;3;3;0;0;0
2014-07-02;309;117;168;56;11;23;7;20;51;2;1
2014-07-03;192;124;29;49;7;9;5;43;4;105;0
2014-07-04;89;40;4;17;2;14;5;4;9;21;0
2014-07-06;24;19;0;2;1;1;2;0;8;0;0
2014-07-07;115;127;3;38;20;3;7;22;5;2;0
2014-07-08;139;112;22;76;7;1;16;12;1;0;0
2014-07-09;149;68;1;61;2;18;4;6;6;0;0
2014-07-10;239;143;8;46;6;9;8;8;2;0;0
2014-07-11;203;98;1;18;6;17;17;12;3;0;0
2014-07-12;94;14;1;1;1;1;3;8;3;0;0
2014-07-13;56;9;0;4;1;0;1;5;0;0;0
2014-07-14;171;26;1;51;4;2;6;16;6;0;0
2014-07-15;165;68;3;94;0;24;4;21;3;0;0
2014-07-16;154;38;7;140;5;24;5;5;2;1;1
2014-07-17;285;48;22;130;12;18;7;13;4;0;0
2014-07-18;125;66;4;82;12;4;14;14;0;2;0
2014-07-19;71;36;0;16;3;0;6;3;0;0;0
2014-07-20;85;36;5;17;1;0;1;2;1;0;0
2014-07-21;148;114;11;29;3;9;3;15;12;0;0
2014-07-22;143;67;3;47;0;4;11;12;6;1;0
2014-07-23;328;69;1;57;1;20;7;24;1;2;0
2014-07-24;172;146;7;396;11;158;16;5;9;3;0
2014-07-25;131;34;0;136;8;66;3;9;0;0;1
2014-07-26;62;14;0;87;8;0;0;3;0;0;0
2014-07-27;32;20;0;105;0;1;2;1;1;0;0
2014-07-28;114;63;17;167;10;3;13;18;4;4;0
2014-07-29;263;81;5;117;9;6;11;10;2;5;0
2014-07-30;114;100;0;79;3;16;16;6;1;0;0
2014-07-31;137;60;6;58;6;5;7;12;7;6;1
2014-08-01;193;63;0;84;2;41;8;18;4;4;1
2014-08-02;108;33;1;17;0;3;4;15;0;0;0
2014-08-03;151;29;0;5;0;1;18;3;4;0;0
2014-08-04;365;61;3;46;1;6;3;12;1;0;0
2014-08-05;243;77;5;44;9;10;17;19;27;0;0
2014-08-06;319;50;10;50;10;2;10;24;3;0;0
2014-08-07;327;32;8;54;5;1;12;29;5;6;0
2014-08-08;214;13;2;66;26;2;19;8;0;0;1
2014-08-09;93;4;2;25;1;1;7;4;0;0;0
2014-08-10;123;9;0;7;0;2;19;1;0;54;0
2014-08-11;245;27;10;55;1;4;28;25;4;16;0
2014-08-12;141;64;0;52;1;2;6;12;1;0;0
2014-08-13;170;58;3;53;4;0;2;13;0;1;0
2014-08-14;181;22;4;27;4;8;1;8;1;0;0
2014-08-15;56;5;0;3;0;0;5;8;2;5;0
2014-08-16;29;3;0;2;0;0;1;1;0;1;0
2014-08-17;82;27;0;5;1;0;1;13;12;0;0
2014-08-18;192;28;4;46;1;10;12;17;5;0;0
2014-08-19;207;56;1;26;14;4;2;7;0;0;0
2014-08-20;153;21;0;7;2;6;1;4;4;0;0
2014-08-21;144;29;0;21;3;1;5;7;0;1;0
2014-08-22;249;39;1;13;2;5;6;18;3;2;1
2014-08-23;85;27;0;2;2;1;4;1;0;0;0
2014-08-24;14;8;0;7;0;2;1;0;0;0;0
2014-08-25;289;50;11;28;6;29;19;8;1;6;0
2014-08-26;187;67;3;69;8;7;21;3;0;3;0
2014-08-27;243;107;3;110;20;9;27;14;4;1;3
2014-08-28;261;90;19;65;8;14;6;17;4;3;0
2014-08-29;191;39;1;54;10;4;6;12;0;2;0
2014-08-30;52;4;0;24;2;0;3;1;1;6;0
2014-08-31;74;22;1;9;0;1;6;7;1;0;1
2014-09-01;191;55;0;64;6;6;39;15;0;0;4
2014-09-02;107;78;0;55;7;3;6;12;2;0;1
2014-09-03;177;83;3;57;16;11;13;29;4;1;1
2014-09-04;256;52;45;63;15;15;12;11;21;6;0
2014-09-05;68;44;0;64;15;5;22;14;2;0;0
2014-09-06;89;10;2;32;2;3;4;5;1;0;0
2014-09-07;84;61;4;2;3;4;6;0;0;5;0
2014-09-08;180;77;1;55;7;4;6;13;5;1;0
2014-09-09;111;88;0;42;6;2;13;12;1;1;0
2014-09-10;113;39;2;64;12;14;8;4;4;2;0
2014-09-11;172;27;0;39;13;4;11;0;4;1;1
2014-09-12;110;34;1;55;4;12;16;0;0;0;0
2014-09-13;69;11;0;17;2;5;4;0;10;0;0
2014-09-14;92;5;0;13;2;0;3;0;0;2;0
2014-09-15;130;32;11;22;7;11;8;3;0;0;2
2014-09-16;283;77;57;34;14;23;23;5;20;8;0
2014-09-17;107;99;35;27;6;5;6;1;1;9;0
2014-09-18;182;109;17;32;3;4;5;0;0;10;0
2014-09-19;206;102;15;17;2;5;4;0;2;2;6
2014-09-20;114;21;2;23;0;19;40;0;0;0;0
2014-09-21;66;23;0;10;7;2;6;0;1;1;0
2014-09-22;84;94;0;42;5;5;4;1;3;13;0
2014-09-23;121;58;2;27;6;30;2;3;4;0;1
2014-09-24;129;93;0;17;0;22;2;8;6;1;0
2014-09-25;80;108;0;14;3;7;3;2;1;0;1
2014-09-26;154;142;5;73;8;15;7;2;1;1;0
2014-09-27;115;52;1;8;6;8;13;1;1;0;0
2014-09-28;120;42;0;14;0;2;3;9;2;0;0
2014-09-29;160;38;26;24;2;15;6;6;0;0;0
2014-09-30;84;67;4;22;10;7;3;2;2;0;0
2014-10-01;113;99;7;50;5;3;10;3;12;7;0
2014-10-02;119;130;0;103;4;15;16;1;0;3;0
2014-10-03;86;57;3;88;12;8;13;5;2;0;0
2014-10-04;122;13;3;43;5;13;2;0;0;0;0
2014-10-05;88;5;10;15;1;7;2;0;0;1;0
2014-10-06;117;37;1;22;8;11;0;0;2;0;14
2014-10-07;93;16;0;41;5;27;12;6;1;0;35
2014-10-08;37;43;0;37;15;6;2;7;0;0;15
2014-10-09;117;147;81;82;7;9;12;2;2;635;4
2014-10-10;401;92;30;124;6;76;75;7;22;630;1
2014-10-11;101;23;0;11;1;6;33;1;2;150;0
2014-10-12;231;49;0;7;3;0;335;3;2;323;0
2014-10-13;138;80;2;56;1;10;37;1;1;49;2
2014-10-14;207;142;4;65;2;24;19;6;12;172;0
2014-10-15;83;119;7;80;8;10;43;3;5;22;1
2014-10-16;183;94;2;112;5;22;26;3;6;14;3
2014-10-17;179;68;4;151;9;10;8;1;4;11;1
2014-10-18;83;31;0;27;0;3;11;2;0;4;1
2014-10-19;103;24;0;16;1;6;16;0;2;0;0
2014-10-20;219;74;29;92;12;6;8;0;4;13;0
2014-10-21;99;73;9;73;9;11;17;1;5;4;0
2014-10-22;69;48;0;48;3;11;8;0;0;0;0
2014-10-23;108;38;4;23;17;1;8;7;0;0;0
2014-10-24;139;64;24;73;9;5;8;6;0;3;0
2014-10-25;83;4;15;33;9;1;6;7;4;1;0
2014-10-26;35;47;0;12;0;2;14;6;0;0;0
2014-10-27;69;60;0;40;16;0;25;5;1;0;0
2014-10-28;224;83;96;39;52;29;13;1;3;3;0
2014-10-29;129;69;48;44;24;28;11;3;6;2;0
2014-10-30;46;27;1;28;5;5;4;3;0;0;0
2014-10-31;109;49;0;23;21;5;3;2;2;2;0
2014-11-01;133;42;0;11;4;3;10;4;4;10;0
2014-11-02;56;40;4;12;1;1;34;0;0;2;0
2014-11-03;118;94;6;46;1;5;12;7;4;3;0
2014-11-04;111;90;2;31;1;32;7;1;0;17;0
2014-11-05;90;62;8;28;7;17;3;13;0;0;0
2014-11-06;95;44;8;40;9;19;1;0;0;0;0
2014-11-07;68;27;0;29;1;1;4;1;0;2;0
2014-11-09;24;8;0;1;2;0;0;0;0;1;0
2014-11-10;94;5;0;3;0;0;19;0;1;0;0
2014-11-11;71;138;1;37;12;12;15;4;0;33;0
2014-11-12;160;85;45;55;15;13;14;3;9;14;0
2014-11-13;130;70;3;55;12;17;10;0;2;2;0
2014-11-14;81;52;3;93;9;3;6;0;0;7;0
2014-11-15;51;25;0;8;3;2;10;0;0;1;0
2014-11-16;71;36;0;10;1;1;24;1;1;8;0
2014-11-17;120;38;3;39;2;18;12;2;1;3;0
2014-11-18;103;85;11;17;20;12;3;8;2;4;0
2014-11-19;197;138;10;30;7;25;7;3;2;2;0
2014-11-20;197;88;7;28;4;22;9;0;3;1;0
2014-11-21;100;34;2;45;2;6;5;1;0;1;0
2014-11-22;79;17;3;16;5;0;6;1;4;0;0
2014-11-23;98;24;1;50;0;11;3;6;1;0;0
2014-11-24;198;81;16;64;14;19;4;7;0;6;0
2014-11-25;95;79;4;58;5;8;4;9;2;0;0
2014-11-26;66;62;1;56;4;3;3;0;4;1;0
2014-11-27;129;73;7;35;2;3;4;0;4;2;0
2014-11-28;105;68;0;34;3;5;14;15;0;44;0
2014-11-29;42;21;0;3;0;6;7;2;0;1;0
2014-11-30;60;27;2;15;8;11;8;0;0;1;0
2014-12-01;134;79;7;27;14;18;3;2;3;0;0
2014-12-02;57;67;20;29;2;4;3;0;1;7;0
2014-12-03;86;97;0;34;3;7;28;1;7;0;0
2014-12-04;112;125;0;16;1;5;2;0;4;0;0
2014-12-05;144;124;13;17;3;7;17;8;3;2;0
2014-12-06;115;30;1;42;5;33;18;0;0;0;0
2014-12-07;159;138;1;13;1;47;20;0;0;0;0
2014-12-08;95;16;0;1;0;31;4;0;3;0;0
2014-12-09;209;52;46;17;1;6;11;1;6;0;0
2014-12-10;116;60;11;5;2;11;3;1;6;1;0
2014-12-11;119;68;3;17;2;12;12;2;1;7;0
2014-12-12;17;5;0;0;0;1;1;0;0;0;0
2014-12-13;60;37;0;7;12;4;1;1;2;3;0
2014-12-14;66;43;0;1;20;3;6;1;0;24;0
2014-12-15;130;123;3;7;3;2;4;0;3;7;0
2014-12-16;100;144;15;27;13;16;9;0;20;0;0
2014-12-17;156;131;2;7;6;5;1;3;0;1;1
2014-12-18;282;70;8;15;5;4;4;0;0;0;0
2014-12-19;148;49;106;5;4;6;2;0;2;0;0
2014-12-20;116;35;10;13;8;17;8;0;2;5;0
2014-12-21;67;32;12;4;6;9;9;0;0;0;0
2014-12-22;169;108;7;5;11;18;6;4;4;0;0
2014-12-23;166;102;25;6;3;3;9;2;4;0;0
2014-12-24;41;39;2;3;0;3;8;0;2;2;0
2014-12-25;20;6;10;1;0;0;1;0;0;0;0
2014-12-26;33;20;0;1;4;9;4;0;0;0;0
2014-12-27;47;31;3;3;0;11;1;0;3;2;0
2014-12-28;29;32;10;2;2;2;8;0;1;2;0
2014-12-29;108;56;4;9;0;6;4;4;12;0;0
2014-12-30;62;29;0;1;0;1;3;1;0;0;0
2014-12-31;51;10;0;2;1;7;2;0;1;1;0
2015-01-01;12;0;1;0;0;1;4;0;3;0;1
2015-01-02;93;8;27;0;1;10;7;0;0;0;0
2015-01-03;59;10;0;0;1;0;11;0;3;0;0
2015-01-04;33;7;0;0;4;2;3;1;5;0;0
2015-01-05;44;52;1;1;2;4;2;6;0;1;0
2015-01-06;41;12;0;0;3;0;8;1;0;0;0
2015-01-07;84;66;5;4;9;8;11;5;1;0;0
2015-01-08;93;188;394;8;4;5;3;0;0;0;0
2015-01-09;58;114;10;2;14;4;5;0;1;2;0
2015-01-10;146;28;24;2;7;7;0;0;11;0;0
2015-01-11;106;63;25;3;6;0;206;8;1;0;0
2015-01-12;111;222;17;9;21;5;9;9;0;1;0
2015-01-13;161;135;6;3;4;8;14;15;1;0;0
2015-01-14;85;160;9;5;12;2;15;4;6;0;0
2015-01-15;106;187;5;5;4;21;83;6;3;1;0
2015-01-16;53;82;5;4;6;1;19;4;0;6;0
2015-01-17;47;69;0;2;1;13;11;0;1;1;0
2015-01-18;31;36;0;1;1;0;5;3;0;0;0
2015-01-19;121;97;4;5;11;2;6;6;0;3;0
2015-01-20;41;68;3;1;5;0;1;2;0;0;0
2015-01-21;176;388;0;2;7;0;9;7;4;0;0
2015-01-22;75;132;5;6;11;0;9;11;2;0;0
2015-01-23;133;79;4;7;3;7;4;2;10;0;0
2015-01-24;70;65;3;2;5;2;17;2;0;0;0
2015-01-25;26;32;0;6;17;0;3;3;2;0;0
2015-01-26;331;111;12;17;17;18;7;2;9;1;0
2015-01-27;95;84;3;5;6;13;3;3;12;0;0
2015-01-28;209;116;2;12;14;13;4;0;2;0;0
2015-01-29;95;111;19;8;3;12;13;1;2;0;0
2015-01-30;114;99;1;21;11;9;2;5;3;2;0
2015-01-31;74;30;0;13;13;4;2;5;0;0;0
2015-02-01;19;30;2;1;12;0;4;1;24;1;0
2015-02-02;293;142;25;8;6;8;17;3;20;1;1
2015-02-03;137;42;4;12;4;1;5;9;6;6;0
2015-02-04;206;87;37;7;12;25;15;5;12;2;0
2015-02-05;150;72;20;7;19;7;3;8;2;6;0
2015-02-06;280;53;10;18;4;10;11;14;8;0;0
2015-02-07;173;24;6;4;4;6;1;9;0;0;1
2015-02-08;68;11;18;7;7;0;7;0;1;0;0
2015-02-09;105;51;3;5;5;9;1;0;4;0;0
2015-02-10;119;72;6;2;5;11;5;16;0;0;0
2015-02-11;171;38;48;6;2;11;6;9;2;0;0
2015-02-12;105;61;1;4;6;6;4;0;0;0;0
2015-02-13;54;24;0;2;5;1;7;2;0;1;0
2015-02-14;63;23;0;1;2;6;7;3;2;1;0
2015-02-15;36;22;2;3;7;1;4;0;0;3;0
2015-02-16;330;95;16;13;20;12;10;2;12;10;0
2015-02-17;143;106;1;2;6;14;10;4;4;4;0
2015-02-18;262;52;28;10;29;2;3;51;1;2;2
2015-02-19;140;52;0;6;37;3;5;72;2;0;17
2015-02-20;124;46;0;6;8;16;4;13;2;0;10
2015-02-21;99;21;0;2;29;7;8;1;0;0;2
2015-02-22;60;22;0;3;10;2;1;31;1;0;0
2015-02-23;111;113;5;3;1;8;3;6;5;0;0
2015-02-24;147;55;4;3;33;8;10;8;5;10;1
2015-02-25;72;55;2;16;11;17;9;12;0;22;0
2015-02-26;112;52;6;3;14;11;10;16;0;8;0
2015-02-27;99;23;3;4;21;16;1;11;0;2;1
2015-02-28;73;8;0;3;8;1;2;1;0;1;0
2015-03-01;53;40;1;0;11;4;8;0;0;2;0
2015-03-02;104;40;0;43;11;3;2;0;0;0;0
2015-03-03;131;36;31;30;8;12;1;25;0;1;0
2015-03-04;233;88;35;28;6;18;1;1;16;0;0
2015-03-05;131;39;13;16;13;7;2;8;0;0;1
2015-03-06;128;38;2;8;34;9;0;3;2;0;0
2015-03-07;86;20;1;3;14;0;0;9;0;0;0
2015-03-08;121;8;0;1;1;0;8;3;0;1;1
2015-03-09;113;15;0;24;10;5;0;24;1;0;1
2015-03-10;87;23;0;36;3;18;1;13;1;0;0
2015-03-11;139;63;4;25;10;15;2;29;1;0;0
2015-03-12;182;42;2;56;6;11;2;3;1;0;0
2015-03-13;98;24;7;20;4;13;1;5;3;0;0
2015-03-14;10;1;0;0;0;2;0;0;0;0;0
2015-03-16;73;37;4;5;7;0;6;5;0;0;0
2015-03-17;86;58;0;14;4;6;9;3;5;0;0
2015-03-18;714;60;129;15;6;57;11;20;6;8;0
2015-03-19;96;12;6;0;6;5;0;2;0;1;0
2015-03-20;63;24;6;1;12;0;9;10;0;0;0
2015-03-21;63;7;0;0;2;0;3;4;0;2;0
2015-03-22;59;11;0;0;0;0;8;2;2;0;0
2015-03-23;226;139;8;4;3;23;3;0;0;28;0
2015-03-24;304;101;65;6;5;8;4;4;7;42;2
2015-03-25;86;84;5;16;7;5;4;7;3;28;1
2015-03-26;98;32;0;5;12;10;1;14;1;12;0
2015-03-27;71;61;0;12;2;4;10;0;1;1;0
2015-03-28;82;18;2;0;2;3;1;4;0;4;0
2015-03-29;43;3;1;2;6;9;2;4;0;1;0
2015-03-30;36;13;1;3;4;1;5;0;0;3;0
2015-03-31;44;16;5;14;8;2;2;9;0;0;0
2015-04-01;60;9;7;5;6;2;4;0;0;1;0
2015-04-02;69;8;0;11;9;5;1;0;0;0;0
2015-04-03;42;17;0;4;0;2;0;0;1;14;0
2015-04-04;86;28;1;2;1;11;4;5;1;2;0
2015-04-05;34;8;2;0;8;0;6;0;0;1;0
2015-04-06;147;69;30;15;27;1;11;5;0;8;0
2015-04-07;29;62;8;9;5;1;0;5;1;2;0
2015-04-08;17;29;0;9;2;3;1;3;0;1;0
2015-04-09;90;42;2;5;6;18;2;2;0;16;0
2015-04-10;165;21;11;36;9;17;3;5;0;2;0
2015-04-11;77;24;1;6;0;6;0;0;0;6;0
2015-04-12;51;52;2;2;7;2;4;8;3;2;0
2015-04-13;74;43;2;18;7;6;8;1;2;2;0
2015-04-14;93;46;1;27;8;24;11;3;0;0;0
2015-04-15;99;37;0;48;12;8;13;4;2;1;0
2015-04-16;112;53;9;48;6;13;7;5;3;28;0
2015-04-17;183;28;2;45;12;21;8;4;0;4;0
2015-04-18;115;8;0;15;2;10;3;1;0;0;0
2015-04-19;51;8;0;1;9;1;8;1;0;6;0
2015-04-20;90;40;20;8;4;7;4;2;0;2;0
2015-04-21;112;30;0;19;9;10;7;8;0;1;0
2015-04-22;146;43;0;26;6;2;2;4;2;0;0
2015-04-23;94;54;0;20;1;1;2;6;3;0;1
2015-04-24;94;52;3;32;5;6;16;5;0;3;0
2015-04-25;87;17;0;5;4;8;1;0;4;0;0
2015-04-26;96;22;0;4;5;4;4;0;0;2;0
2015-04-27;94;40;1;4;21;23;16;2;0;3;0
2015-04-28;64;45;3;11;2;0;1;27;0;3;1
2015-04-29;151;69;125;24;4;2;16;4;0;0;0
2015-04-30;46;23;2;42;7;0;1;3;0;1;0
2015-05-01;78;17;0;20;8;7;0;0;1;1;0
2015-05-02;57;13;16;25;4;2;1;0;3;0;0
2015-05-03;34;18;0;3;3;5;0;14;0;0;0
2015-05-04;79;13;2;56;10;8;11;10;0;0;0
2015-05-05;63;22;4;15;3;3;3;8;0;0;0
2015-05-06;77;55;3;16;12;2;4;15;0;0;0
2015-05-07;99;53;0;28;11;9;4;20;5;0;0
2015-05-08;126;27;3;64;13;6;4;13;5;3;0
2015-05-09;88;14;0;24;14;0;2;6;1;0;0
2015-05-10;111;22;0;18;2;0;0;0;0;2;0
2015-05-11;75;33;1;74;16;0;0;0;0;2;0
2015-05-12;115;49;2;87;19;2;3;6;1;0;0
2015-05-13;121;53;3;116;26;13;3;8;5;1;0
2015-05-14;79;61;2;76;10;5;0;5;0;4;0
2015-05-15;88;13;0;19;7;6;3;0;0;3;0
2015-05-16;41;27;3;6;18;5;1;0;1;7;0
2015-05-17;58;11;1;9;6;1;3;4;0;1;0
2015-05-18;129;44;9;60;21;7;13;18;1;4;0
2015-05-19;89;33;1;26;44;8;12;21;2;0;0
2015-05-20;127;58;13;8;19;7;11;9;13;0;0
2015-05-21;88;68;1;3;2;4;6;16;0;0;0
2015-05-22;56;38;3;6;4;2;3;6;0;0;0
2015-05-23;40;5;0;2;1;0;388;6;2;0;0
2015-05-24;26;7;0;1;0;0;90;0;1;0;0
2015-05-25;22;10;0;9;6;2;4;2;2;1;0
2015-05-26;135;8;11;10;2;2;2;3;0;9;1
2015-05-27;37;15;20;14;3;4;4;0;0;1;0
2015-05-28;161;26;3;14;5;1;3;0;0;0;0
2015-05-29;45;2;0;0;2;0;2;0;0;0;0
2015-05-30;22;4;0;11;7;2;3;0;1;0;0
2015-05-31;20;2;0;6;1;1;2;0;0;11;0
2015-06-01;41;6;11;23;21;2;5;9;0;6;0
2015-06-02;68;14;23;94;78;3;1;0;2;0;0
2015-06-03;46;6;2;75;61;2;0;8;1;0;0
2015-06-04;26;2;0;50;47;0;0;0;1;0;1
2015-06-05;26;9;0;12;29;3;2;2;0;0;0
2015-06-06;27;4;0;1;9;1;2;0;0;0;0
2015-06-07;8;0;0;3;38;0;2;0;0;0;0
2015-06-08;13;4;0;3;0;1;5;0;0;1;0
2015-06-09;19;24;0;20;10;0;1;4;0;1;0
2015-06-10;30;20;3;24;4;0;6;3;0;0;1
2015-06-11;178;22;37;37;6;3;11;8;4;1477;0
2015-06-12;53;19;0;17;4;3;2;3;1;87;0
2015-06-13;21;6;6;110;0;1;1;1;40;33;0
2015-06-14;51;1;1;2;1;3;0;0;4;4;0
2015-06-15;5;4;0;0;0;0;1;0;0;1;0
2015-06-16;27;23;0;5;0;4;1;1;1;3;0
2015-06-17;30;18;3;12;2;0;2;12;1;1;0
2015-06-18;69;11;4;17;5;4;0;3;0;2;0
2015-06-19;82;30;2;29;4;0;0;0;3;3;0
2015-06-20;76;105;16;15;0;0;1;0;5;1;0
2015-06-21;36;8;2;2;3;0;5;1;1;2;0
2015-06-22;161;21;1;226;6;6;2;13;1;1;0
2015-06-23;163;54;107;146;6;8;14;6;1;328;3
2015-06-24;131;35;3;49;15;8;3;8;4;28;0
2015-06-25;150;26;110;77;4;3;1;5;5;4;0
2015-06-26;198;35;213;120;11;18;15;4;1;0;0
2015-06-27;74;11;5;14;1;2;2;0;0;8;0
2015-06-28;32;3;5;17;1;1;0;0;0;12;0
2015-06-29;110;18;2;119;2;7;6;1;0;4;0
2015-06-30;117;16;8;68;5;12;3;5;1;0;0
2015-07-01;91;12;2;56;5;16;0;2;1;2;0
2015-07-02;55;7;4;76;2;3;6;4;0;0;0
2015-07-03;160;4;8;103;6;21;1;0;0;1;0
2015-07-04;50;7;0;12;0;0;0;0;0;0;0
2015-07-05;29;9;2;17;4;2;3;0;0;2;0
2015-07-06;149;28;11;41;4;11;4;0;0;0;0
2015-07-07;94;21;0;75;3;17;3;0;0;3;0
2015-07-08;131;11;42;42;2;7;9;0;1;3;0
2015-07-09;47;3;0;30;5;7;3;2;2;1;0
2015-07-10;93;4;1;23;3;20;4;2;2;4;0
2015-07-11;36;6;8;35;2;0;1;0;2;1;0
2015-07-12;53;6;0;7;1;0;0;0;0;0;0
2015-07-13;90;18;2;38;1;4;10;4;0;1;0
2015-07-14;57;11;5;25;6;6;2;0;1;0;0
2015-07-15;85;9;1;22;0;6;1;0;0;1;0
2015-07-16;76;28;9;41;1;3;3;6;0;0;0
2015-07-17;112;23;0;43;6;5;3;0;0;0;0
2015-07-18;22;10;0;9;2;2;2;0;1;0;0
2015-07-19;159;26;0;31;2;0;9;1;5;1;0
2015-07-20;65;17;0;23;4;5;2;1;0;0;0
2015-07-21;65;31;16;39;2;2;2;0;2;2;0
2015-07-22;126;27;91;41;0;0;4;1;0;30;0
2015-07-23;70;19;1;47;1;4;0;0;1;4;0
2015-07-24;62;27;7;35;3;7;0;2;1;1;0
2015-07-25;64;16;0;53;2;2;0;2;2;8;0
2015-07-26;67;17;0;10;0;0;5;0;6;4;0
2015-07-27;31;24;1;24;2;1;2;0;1;0;0
2015-07-28;42;21;0;31;0;3;0;2;0;0;0
2015-07-29;89;45;1;43;1;15;4;8;1;5;0
2015-07-30;96;33;0;42;9;6;21;0;28;1;0
2015-07-31;149;33;0;71;6;3;7;0;0;1;0
2015-08-01;68;29;2;18;0;0;9;0;0;0;0
2015-08-02;76;56;1;52;0;7;3;0;8;0;0
2015-08-03;402;31;35;71;8;7;6;0;2;0;0
2015-08-04;566;21;9;97;10;71;7;11;4;0;0
2015-08-05;164;14;0;23;1;3;1;3;0;0;0
2015-08-06;223;17;14;24;3;5;2;2;1;0;0
2015-08-07;250;15;2;42;10;6;1;2;0;0;0
2015-08-08;63;1;8;21;6;6;16;0;8;0;0
2015-08-09;204;36;0;16;2;0;9;1;2;0;0
2015-08-10;186;35;4;18;11;9;5;2;0;0;0
2015-08-11;225;24;35;61;3;7;12;1;1;0;0
2015-08-12;248;63;2;26;9;6;13;1;1;6;0
2015-08-13;220;49;0;42;3;1;11;0;4;0;0
2015-08-14;240;20;0;25;2;13;6;6;0;0;0
2015-08-15;111;30;19;2;0;3;2;0;0;0;0
2015-08-16;91;2;1;15;11;1;4;0;0;0;0
2015-08-17;235;14;1;25;10;11;8;0;0;0;0
2015-08-18;187;10;2;9;8;8;8;4;0;0;0
2015-08-19;313;20;12;25;1;17;7;1;1;0;0
2015-08-20;189;9;2;34;2;4;2;2;1;0;0
2015-08-21;168;5;2;34;4;13;3;4;2;0;0
2015-08-22;52;2;0;12;2;0;0;0;7;1;0
2015-08-23;29;2;7;0;0;2;1;0;0;0;0
2015-08-24;101;4;1;11;9;4;2;4;2;2;0
2015-08-25;131;28;3;11;2;10;13;2;0;0;0
2015-08-26;110;27;1;4;2;7;1;1;0;11;0
2015-08-27;139;1;20;25;1;3;0;0;4;1;0
2015-08-28;214;1;5;23;3;3;9;2;0;1;0
2015-08-29;67;3;0;1;0;1;1;2;0;0;0
2015-08-30;101;0;0;4;0;1;13;0;3;57;0
2015-08-31;187;15;4;30;5;2;6;0;2;6;0
2015-09-01;262;7;7;22;0;16;2;2;2;0;0
2015-09-02;140;37;0;48;1;23;9;0;0;1;0
2015-09-03;254;20;21;31;9;18;6;3;0;0;0
2015-09-04;130;22;2;23;3;17;2;1;0;0;0
2015-09-05;84;10;0;4;1;0;1;0;0;0;0
2015-09-06;66;14;0;8;5;4;6;3;0;16;0
2015-09-07;226;64;4;24;4;11;22;2;3;4;0
2015-09-08;155;34;3;27;14;8;4;2;4;0;0
2015-09-09;196;32;29;14;4;31;8;2;0;1;0
2015-09-10;223;23;0;39;13;6;12;0;3;0;0
2015-09-11;169;5;3;25;2;19;11;5;0;1;0
2015-09-12;92;12;0;15;0;5;1;0;0;0;0
2015-09-13;73;31;0;4;3;5;4;0;0;0;0
2015-09-14;107;11;5;9;4;7;1;5;2;0;0
2015-09-15;200;22;15;19;2;20;3;0;0;3;0
2015-09-16;62;17;1;5;1;4;27;2;0;3;0
2015-09-17;179;25;0;5;2;23;11;4;0;3;0
2015-09-18;231;16;1;5;11;45;10;0;1;0;0
2015-09-19;140;15;0;7;0;12;2;0;0;1;0
2015-09-20;37;9;0;0;0;2;2;1;0;0;0
2015-09-21;80;18;3;19;6;7;1;3;1;0;0
2015-09-22;4;1;0;0;0;0;0;0;0;0;0
2015-09-23;305;25;2;22;3;17;1;3;0;0;0
2015-09-24;269;6;5;28;2;23;2;1;0;0;0
2015-09-25;61;9;0;3;1;1;1;4;0;0;0
2015-09-26;100;4;8;7;0;10;2;0;4;6;0
2015-09-27;78;6;1;5;1;6;2;0;3;2;0
2015-09-28;22;5;1;3;0;0;0;0;0;0;0
2015-09-29;245;37;84;14;13;5;3;4;1;0;0
2015-09-30;452;30;12;37;4;37;13;14;5;3;0
2015-10-01;406;63;0;20;10;35;12;1;1;6;0
2015-10-02;207;25;6;17;5;20;5;0;1;3;0
2015-10-03;72;16;1;7;3;3;12;1;6;1;0
2015-10-04;127;14;0;12;4;7;1;6;0;0;0
2015-10-05;180;44;0;35;4;12;34;1;1;8;0
2015-10-06;158;46;1;41;5;22;5;2;1;1;0
2015-10-07;159;43;32;35;1;15;7;0;1;5;0
2015-10-08;197;23;2;22;2;9;10;45;0;0;0
2015-10-09;136;30;1;19;3;11;2;21;3;1;0
2015-10-10;100;2;10;3;3;7;244;2;0;9;0
2015-10-11;66;14;0;3;0;0;92;0;7;7;0
2015-10-12;64;8;1;0;0;2;15;0;0;1;0
2015-10-13;139;44;40;26;7;18;12;1;0;5;0
2015-10-14;169;16;21;9;3;21;1;4;0;0;5
2015-10-15;213;153;31;13;0;10;5;7;1;0;0
2015-10-16;173;42;116;12;6;10;12;15;1;0;0
2015-10-17;86;37;0;5;7;0;2;0;1;19;0
2015-10-18;235;6;18;11;0;1;8;1;1;562;0
2015-10-19;353;131;6;39;12;24;2;37;4;205;0
2015-10-20;339;66;13;36;0;34;4;31;1;45;0
2015-10-21;174;68;2;17;11;11;2;6;2;6;0
2015-10-22;103;54;8;14;0;8;3;10;0;5;0
2015-10-23;129;50;1;15;0;17;0;6;1;5;0
2015-10-24;414;30;3;12;0;5;56;5;3;15;0
2015-10-25;78;5;0;4;0;0;2;1;2;0;0
2015-10-26;102;62;22;32;10;3;2;4;2;1;1
2015-10-27;113;57;43;4;3;13;8;5;5;1;0
2015-10-28;163;65;21;13;2;20;19;6;0;0;0
2015-10-29;155;32;3;12;7;7;6;19;1;2;0
2015-10-30;129;59;0;28;1;12;2;13;0;1;0
2015-10-31;111;22;0;17;11;3;2;1;0;0;0
2015-11-01;55;23;0;1;6;3;8;1;0;0;0
2015-11-02;304;71;40;16;1;29;15;8;2;152;0
2015-11-03;130;84;8;36;9;15;21;1;0;34;0
2015-11-04;214;47;6;28;3;12;4;17;0;4;0
2015-11-05;121;32;0;38;1;8;9;25;0;3;0
2015-11-06;130;29;0;76;1;10;6;6;10;15;0
2015-11-07;42;26;3;13;1;0;2;0;0;1;0
2015-11-08;57;26;0;5;1;2;4;0;4;10;0
2015-11-09;146;38;6;6;3;3;6;0;0;2;0
2015-11-10;75;38;2;36;0;1;4;1;1;0;0
2015-11-11;108;84;6;30;4;2;6;1;12;0;0
2015-11-12;202;24;4;29;6;16;1;2;2;0;0
2015-11-13;441;34;0;27;10;32;11;6;15;0;1
2015-11-16;77;12;1;8;1;1;4;1;0;1;0
2015-11-17;54;7;0;8;1;3;1;0;1;1;1
2015-11-19;53;17;0;23;1;11;6;0;0;1;0
2015-11-20;91;15;9;13;8;16;12;8;9;0;0
2015-11-21;125;24;0;10;4;18;6;0;5;0;0
2015-11-22;54;20;0;2;2;3;3;0;1;0;0
2015-11-23;85;16;0;11;4;7;7;0;0;1;0
2015-11-24;89;26;0;5;2;3;2;0;0;0;0
2015-11-25;126;40;4;18;0;19;4;6;0;0;0
2015-11-26;95;38;11;20;0;3;3;3;0;0;1
2015-11-27;74;13;1;12;8;4;1;1;1;5;0
2015-11-28;103;7;0;17;2;18;5;0;0;11;0
2015-11-29;43;16;68;0;0;4;11;0;0;3;0
2015-11-30;297;34;57;22;1;47;6;8;1;14;0
2015-12-01;138;7;9;15;4;4;1;8;0;3;0
2015-12-02;146;28;63;11;7;1;0;2;2;0;0
2015-12-03;192;66;13;27;34;17;0;10;0;0;0
2015-12-04;217;31;6;9;2;11;10;10;0;1;0
2015-12-05;113;21;1;3;0;7;6;0;3;0;0
2015-12-06;110;11;1;12;2;4;2;0;0;0;0
2015-12-07;153;34;7;3;4;11;2;0;2;9;0
2015-12-08;78;9;0;5;0;1;2;0;1;1;0
2015-12-09;130;9;0;15;4;4;5;0;1;0;0
2015-12-10;85;14;11;14;2;1;2;0;0;5;0
2015-12-11;129;40;2;28;1;13;6;2;1;1;0
2015-12-12;62;7;0;10;2;9;3;0;0;0;0
2015-12-13;176;6;0;5;0;11;3;0;7;0;0
2015-12-14;96;27;3;14;4;9;1;4;0;0;0
2015-12-15;48;31;0;13;0;6;5;1;0;0;0
2015-12-16;50;60;18;16;1;8;1;0;0;0;1
2015-12-17;61;13;0;8;2;6;1;2;1;0;0
2015-12-18;98;50;3;18;4;9;15;3;0;0;0
2015-12-19;85;14;0;5;2;12;4;0;0;0;0
2015-12-20;56;2;0;1;0;1;1;0;0;4;0
2015-12-21;75;44;3;6;5;5;3;3;0;1;0
2015-12-22;83;18;1;8;0;10;1;1;0;0;0
2015-12-23;100;33;0;10;10;11;4;0;1;1;0
2015-12-24;32;24;1;1;0;1;8;0;0;0;0
2015-12-25;31;0;0;0;0;0;1;0;0;0;0
2015-12-26;28;1;0;0;0;0;1;0;1;1;0
2015-12-27;35;18;1;2;3;0;8;0;0;0;0
2015-12-28;77;14;3;7;5;8;5;1;2;0;0
2015-12-29;129;31;79;7;2;16;9;6;1;0;0
2015-12-30;118;34;26;14;7;11;12;2;0;0;0
2015-12-31;64;14;3;6;0;6;2;0;0;1;0
2016-01-01;32;0;0;0;0;3;2;0;0;0;0
2016-01-02;45;6;0;3;3;7;2;0;0;0;0
2016-01-03;17;3;0;2;0;7;1;0;0;0;0
2016-01-04;74;30;0;17;7;7;22;0;0;0;0
2016-01-05;51;21;5;1;0;0;2;0;0;1;0
2016-01-06;54;5;3;1;0;0;1;0;0;1;0
2016-01-07;34;4;1;6;2;0;4;0;2;0;0
2016-01-08;40;5;1;6;3;1;9;7;0;0;0
2016-01-09;35;2;0;1;3;0;2;0;1;1;0
2016-01-10;33;15;0;5;3;0;7;0;0;6;0
2016-01-11;121;14;0;8;1;6;12;0;0;11;0
2016-01-12;51;29;2;5;11;3;2;1;0;10;0
2016-01-13;39;20;14;4;20;6;1;3;0;9;0
2016-01-14;74;16;4;5;3;3;2;3;1;1;0
2016-01-15;44;20;0;3;1;9;6;1;0;15;0
2016-01-16;34;9;0;0;3;1;4;0;0;1;0
2016-01-17;41;5;34;5;9;4;6;0;0;0;0
2016-01-18;34;10;3;4;5;6;12;2;0;0;0
2016-01-19;40;39;0;0;1;0;2;7;0;0;0
2016-01-20;54;34;0;1;3;19;4;0;0;0;0
2016-01-21;80;27;6;6;6;2;10;0;1;1;0
2016-01-22;65;25;3;2;2;1;2;1;3;0;0
2016-01-23;80;30;0;11;2;8;1;3;1;0;0
2016-01-24;55;38;0;3;2;7;0;0;0;0;0
2016-01-25;48;49;0;5;4;0;0;0;13;0;0
2016-01-26;72;27;5;20;4;2;5;0;0;0;0
2016-01-27;60;13;6;10;0;3;5;0;0;0;0
2016-01-28;73;14;10;7;1;2;1;3;1;0;0
2016-01-29;59;22;0;11;1;1;4;0;0;0;0
2016-01-30;85;10;0;0;0;4;7;0;0;0;0
2016-01-31;36;43;1;1;0;2;7;0;0;0;0
2016-02-01;53;60;0;23;1;3;5;1;0;3;0
2016-02-02;74;15;0;7;6;0;5;6;0;0;0
2016-02-03;93;12;5;11;6;0;4;9;0;0;0
2016-02-04;58;18;0;10;1;3;0;1;1;0;0
2016-02-05;100;22;5;7;0;8;0;2;0;0;0
2016-02-06;405;22;0;9;1;2;3;0;0;0;0
2016-02-07;78;4;0;2;0;1;3;0;8;2;0
2016-02-08;59;4;5;2;0;0;4;0;0;0;0
2016-02-09;135;23;9;6;12;5;25;1;0;2;2
2016-02-10;64;11;0;9;2;5;27;1;3;0;1
2016-02-11;42;19;2;10;1;12;3;0;0;0;1
2016-02-12;116;16;67;14;6;29;2;3;0;5;0
2016-02-13;58;4;30;8;0;1;3;0;0;0;0
2016-02-14;66;6;0;4;1;0;8;0;0;0;0
2016-02-15;67;19;2;5;2;14;14;1;1;0;0
2016-02-16;130;26;5;8;2;11;1;0;12;1;0
2016-02-17;104;17;1;4;1;3;0;1;2;0;0
2016-02-18;167;117;59;6;4;5;310;0;0;2;0
2016-02-19;100;27;33;3;0;10;22;0;0;0;0
2016-02-20;47;6;10;5;1;1;17;0;1;0;0
2016-02-21;21;25;0;0;1;9;23;0;0;1;0
2016-02-22;70;47;0;6;8;13;6;0;0;0;0
2016-02-23;52;25;7;5;3;10;1;0;0;0;0
2016-02-24;120;36;2;16;11;9;5;3;0;5;0
2016-02-25;60;28;0;2;0;9;2;0;0;0;0
2016-02-26;52;45;0;4;2;0;5;0;0;1;0
2016-02-27;40;2;5;0;0;7;7;1;0;4;0
2016-02-28;37;12;0;0;4;2;2;0;1;1;0
2016-02-29;59;12;20;0;0;0;1;2;2;0;0
2016-03-01;74;28;2;2;3;8;14;8;0;0;0
2016-03-02;50;37;0;9;4;5;2;1;0;0;0
2016-03-03;62;40;0;3;5;5;2;2;1;0;0
2016-03-04;53;41;3;4;3;14;8;0;0;3;0
2016-03-05;61;8;0;1;0;5;3;0;0;0;0
2016-03-06;62;1;0;5;9;3;5;0;1;10;0
2016-03-07;242;11;383;32;4;38;3;4;6;7;0
2016-03-08;107;33;0;4;4;17;0;0;5;0;0
2016-03-09;110;13;7;5;3;8;2;4;0;0;0
2016-03-10;53;24;3;4;8;1;3;0;0;0;0
2016-03-11;20;10;0;5;3;13;10;0;0;0;0
2016-03-12;22;10;0;0;2;0;2;0;0;0;0
2016-03-13;14;11;0;1;0;6;5;0;2;1;0
2016-03-14;56;21;12;5;3;5;2;2;0;0;0
2016-03-15;61;30;5;8;0;3;0;0;0;0;0
2016-03-16;57;16;0;1;5;3;10;6;0;0;0
2016-03-17;56;14;4;14;2;3;13;0;0;0;0
2016-03-18;38;48;1;11;9;1;3;0;0;0;0
2016-03-19;27;61;0;5;1;2;4;0;0;9;0
2016-03-20;17;7;0;1;0;0;1;1;0;1;0
2016-03-21;28;90;6;4;0;1;0;0;0;4;0
2016-03-22;18;36;0;5;0;0;1;2;0;9;0
2016-03-23;177;9;0;1;0;1;1;0;2;1;0
2016-03-24;98;7;2;1;2;0;3;0;0;0;0
2016-03-25;15;65;0;3;1;0;3;0;0;0;0
2016-03-26;16;5;0;0;4;0;5;0;0;0;0
2016-03-27;22;14;0;4;9;0;1;0;0;0;0
2016-03-28;54;12;21;1;0;1;1;0;4;0;0
2016-03-29;66;24;1;10;7;2;11;0;0;3;0
2016-03-30;340;25;383;27;3;42;9;0;4;4;115
2016-03-31;57;34;35;3;1;1;0;0;0;0;5
2016-04-01;64;15;16;3;0;0;1;0;2;0;0
2016-04-02;44;21;2;4;0;2;1;1;0;0;0
2016-04-03;53;21;4;3;1;0;1;0;0;0;0
2016-04-04;105;22;8;6;3;12;1;12;0;27;0
2016-04-05;49;23;0;4;0;12;1;2;0;10;0
2016-04-06;75;13;14;7;4;4;2;1;1;1;0
2016-04-07;108;17;17;10;1;10;3;0;0;1;0
2016-04-08;53;10;10;6;12;8;3;0;4;0;0
2016-04-09;34;5;0;5;0;0;0;1;0;0;0
2016-04-10;42;1;6;7;2;0;5;1;0;0;0
2016-04-11;94;28;17;5;0;8;1;3;0;12;0
2016-04-12;85;34;9;23;1;3;4;0;0;11;0
2016-04-13;44;17;2;3;6;4;4;0;2;1;0
2016-05-14;41;18;5;5;3;7;0;0;2;0;0
2016-05-15;144;94;0;11;5;6;4;1;0;0;0
2016-05-16;53;18;0;17;3;1;1;0;0;1;0
2016-05-17;70;12;5;31;4;7;2;3;5;0;0
2016-05-18;58;5;35;33;4;7;6;7;2;0;1
2016-05-19;51;44;11;45;1;11;0;6;0;0;0
2016-05-20;53;10;5;24;4;8;5;2;1;1;0
2016-05-21;48;2;14;13;3;6;9;2;2;3;0
2016-05-22;45;3;2;8;0;1;0;0;0;0;0
2016-05-23;50;19;29;23;3;5;4;2;0;2;0
2016-05-24;72;17;54;29;5;5;1;0;0;1;0
2016-05-25;30;10;3;58;2;0;2;0;0;0;0
2016-05-26;46;16;3;41;2;0;4;0;0;0;0
2016-05-27;48;12;20;33;0;5;4;6;0;0;0
2016-05-28;25;5;7;15;1;1;32;0;0;0;0
2016-05-29;33;11;0;3;0;1;6;0;0;0;0
2016-05-30;42;34;2;13;1;1;0;0;0;0;0
2016-05-31;45;14;2;11;5;3;5;7;0;0;0
2016-06-01;81;21;39;14;3;5;2;5;13;0;0
2016-06-02;56;24;12;25;0;8;8;5;0;0;1
2016-06-03;53;8;49;87;2;5;10;2;4;1;0
2016-06-04;21;9;22;9;9;2;3;0;0;0;0
2016-06-05;20;2;4;22;4;2;5;0;0;0;0
2016-06-06;83;26;8;69;4;10;6;3;0;1;0
2016-06-07;100;7;6;87;10;7;0;3;0;0;0
2016-06-08;60;10;79;199;6;11;0;0;0;0;0
2016-06-09;114;40;40;117;2;3;5;0;1;0;0
2016-06-10;69;27;4;101;1;13;8;0;0;0;0
2016-06-11;49;4;25;20;0;1;7;0;0;0;0
2016-06-12;20;7;0;6;1;0;0;0;1;0;0
2016-06-13;75;29;4;76;4;2;1;0;0;0;0
2016-06-14;182;13;1;74;4;21;5;8;17;0;0
2016-06-15;83;7;1;31;2;0;1;0;2;0;0
2016-06-16;74;22;20;22;1;9;3;2;0;1;0
2016-06-17;94;17;3;15;2;4;4;3;1;0;0
2016-06-18;37;3;1;2;0;1;7;0;0;0;0
2016-06-19;12;9;0;6;3;0;1;0;2;0;0
2016-06-20;46;12;4;23;0;7;3;0;0;0;0
2016-06-21;110;5;19;49;7;11;2;0;0;0;0
2016-06-22;136;28;21;89;12;47;7;1;1;1;0
2016-06-23;182;18;4;74;7;36;1;5;0;2;0
2016-06-24;77;28;2;39;6;4;0;2;0;0;0
2016-06-25;16;4;0;17;3;0;0;0;0;0;0
2016-07-01;60;13;1;47;4;2;9;0;0;0;0
2016-07-02;11;3;2;3;0;0;0;0;0;0;0
2016-07-04;37;0;0;6;0;4;1;0;0;0;0
2016-07-05;2;0;0;4;0;0;0;0;0;0;0
2016-07-12;30;1;1;16;1;0;3;0;0;0;0
2016-07-13;62;26;6;23;4;6;9;0;2;1;0
2016-07-14;43;13;7;20;1;6;11;0;0;0;0
2016-07-15;124;17;8;13;2;8;6;4;1;0;0
2016-07-16;32;6;8;4;0;6;5;1;0;0;0
2016-07-17;18;6;4;4;0;3;1;0;0;0;0
2016-07-18;67;6;14;13;6;2;7;0;0;0;1
2016-07-19;71;14;31;63;4;0;5;6;0;0;0
2016-07-20;54;10;8;82;8;13;5;0;0;1;0
2016-07-21;36;8;2;15;0;6;1;0;0;0;0
2016-07-22;77;20;1;44;3;9;1;0;6;1;0
2016-07-23;45;2;4;11;0;0;3;0;0;0;0
2016-07-24;43;5;0;1;3;0;3;0;0;0;0
2016-07-25;18;6;3;4;0;0;1;1;0;0;0
2016-07-26;84;15;4;46;7;19;4;0;0;0;0
2016-07-27;85;4;1;29;8;1;2;0;0;0;0
2016-07-28;43;23;1;44;0;5;2;0;1;0;0
2016-07-29;42;26;10;71;0;1;3;0;3;0;0
2016-07-30;19;17;0;19;1;0;1;2;1;0;0
2016-07-31;18;8;1;12;0;1;0;2;0;0;0
2016-08-01;93;27;0;20;0;2;0;5;0;0;0
2016-08-02;79;13;5;18;1;13;5;4;0;0;0
2016-08-03;88;22;0;30;0;2;0;2;1;2;0
2016-08-09;22;10;0;7;0;0;1;0;0;0;0
2016-08-10;102;41;0;22;15;10;5;0;0;1;0
2016-08-11;11;1;2;1;0;0;0;0;0;0;0
2016-08-12;27;7;19;4;4;6;1;0;0;0;0
2016-08-13;28;2;64;5;0;0;0;0;0;3;0
2016-08-14;5;0;0;0;0;0;0;0;0;1;0
2016-08-26;45;22;1;7;5;0;1;0;2;1;0
2016-08-27;55;11;0;4;2;0;7;0;0;1;54
2016-08-28;8;2;10;5;1;0;1;0;1;0;27
2016-08-29;64;15;2;23;1;15;1;0;0;0;13
2016-08-30;24;4;4;17;1;1;1;0;0;0;3
2016-08-31;8;7;2;32;0;1;9;0;0;0;0
2016-09-01;182;1;11;34;0;16;3;1;1;0;0
2016-09-02;41;10;3;38;0;12;7;1;0;0;0
2016-09-03;12;10;0;20;0;0;0;3;0;0;0
2016-09-04;1;0;0;0;0;0;1;0;0;0;0
2016-09-19;39;12;0;5;0;1;0;0;0;0;0
2016-09-20;75;44;14;19;2;4;26;1;1;0;0
2016-09-21;52;53;0;47;5;7;16;0;0;0;0
2016-09-22;138;41;14;16;0;3;5;1;1;0;0
2016-09-23;73;25;16;26;2;12;3;1;0;0;0
2016-09-24;21;7;5;6;7;2;0;1;0;0;0
2016-09-25;28;15;0;2;6;0;1;0;0;0;0
2016-09-26;59;28;2;24;4;3;5;0;3;0;0
2016-09-27;69;23;158;22;1;13;3;2;0;0;0
2016-09-28;44;14;156;44;3;5;5;0;0;0;0
2016-09-29;58;30;13;28;2;7;3;4;0;0;0
2016-09-30;35;15;4;19;1;5;1;0;0;0;0
2016-10-01;30;16;28;2;3;1;0;0;0;0;0
2016-10-02;12;15;14;1;3;0;0;0;0;0;0
2016-10-03;44;13;13;37;9;7;5;0;0;0;0
2016-10-04;40;11;13;22;2;2;2;0;0;1;0
2016-10-05;56;28;17;28;0;5;0;5;0;1;0
2016-10-06;62;25;16;43;1;6;8;0;0;4;0
2016-10-07;152;17;30;20;0;11;5;3;4;0;0
2016-10-08;50;15;9;20;0;4;2;0;0;0;0
2016-10-09;13;20;1;1;5;1;8;0;0;0;0
2016-10-10;45;21;24;11;3;6;2;1;0;0;0
2016-10-11;55;19;24;10;2;7;4;0;0;0;0
2016-10-12;33;2;31;7;1;9;5;0;0;8;0
2016-10-13;94;48;66;41;2;10;5;0;0;9;0
2016-10-14;49;22;103;17;13;5;1;0;0;38;0
2016-10-15;29;11;11;1;2;2;1;0;0;6;0
2016-10-16;18;7;0;3;2;1;2;0;0;3;0
2016-10-17;55;23;9;32;5;4;5;7;0;3;0
2016-10-18;51;37;6;52;7;6;9;5;1;19;0
2016-10-19;72;63;0;66;23;1;25;0;3;6;0
2016-10-20;69;54;8;67;5;6;2;0;0;14;0
2016-10-21;69;32;122;32;7;11;1;2;0;6;0
2016-10-22;22;10;7;4;6;1;4;0;0;1;0
2016-10-23;30;7;6;20;5;0;6;0;0;12;0
2016-10-24;73;28;20;40;7;1;7;0;0;4;0
2016-10-25;45;35;22;28;1;9;4;3;0;2;0
2016-10-26;46;30;8;27;4;10;6;4;0;0;0
2016-10-27;36;30;38;48;1;2;1;2;1;6;0
2016-10-28;48;26;9;56;6;6;3;0;1;1;0
2016-10-29;33;1;19;13;1;0;9;0;0;0;0
2016-10-30;8;10;7;20;0;0;1;0;0;0;0
2016-10-31;50;23;17;10;3;0;7;1;0;1;1
2016-11-01;42;26;10;0;1;1;4;0;1;0;1
2016-11-02;237;27;50;85;2;9;4;8;1;1;0
2016-11-03;132;17;44;68;0;7;2;2;0;10;0
2016-11-04;95;17;29;176;1;15;7;0;1;1;0
2016-11-05;34;4;0;24;0;4;21;0;0;5;0
2016-11-06;36;19;0;4;0;4;1;0;6;2;0
2016-11-07;112;16;23;18;2;6;1;0;0;0;0
2016-11-08;100;25;21;31;5;14;2;2;5;3;10
2016-11-09;62;9;5;3;1;0;6;0;0;0;4
2016-11-10;62;21;16;25;2;4;2;2;0;0;4
2016-11-11;146;14;16;26;2;1;3;0;0;0;7
2016-11-14;8;8;0;8;7;3;0;0;5;0;0
2016-11-15;66;16;1;12;5;5;9;0;8;0;0
2016-11-16;53;8;1;19;3;0;7;0;7;0;0
2016-11-17;95;18;11;25;5;8;4;15;2;0;0
2016-11-18;172;18;39;33;3;26;5;5;3;1;0
2016-11-19;44;23;1;3;2;3;0;0;0;0;0
2016-11-20;33;12;2;4;1;1;0;0;0;3;0
2016-11-21;59;16;112;55;2;8;1;0;5;28;0
2016-11-22;128;29;11;29;2;6;0;0;1;23;0
2016-11-23;55;16;23;7;0;4;0;3;0;1;0
2016-11-24;233;45;14;15;0;10;4;0;5;3;0
2016-11-25;64;45;1;15;2;12;2;1;0;1;0
2016-11-26;34;13;1;5;0;1;0;0;0;37;0
2016-11-27;70;6;7;5;0;0;2;0;1;7;0
2016-11-28;54;22;23;15;0;5;2;0;1;10;0
2016-11-29;125;23;31;22;8;32;6;4;0;4;0
2016-11-30;56;37;14;43;13;6;4;0;1;1;0
2016-12-01;447;18;285;53;5;38;3;4;12;0;0
2016-12-02;136;23;23;33;3;11;2;3;0;0;0
2016-12-03;40;27;0;6;1;3;0;0;0;1;0
2016-12-04;20;68;0;3;0;4;1;1;1;2;0
2016-12-05;68;27;30;35;12;2;7;0;1;9;0
2016-12-06;37;18;0;16;0;8;3;0;0;3;0
2016-12-07;50;29;1;10;2;11;1;0;2;0;0
2016-12-08;43;9;3;5;0;2;2;0;0;0;0
2016-12-09;39;24;2;11;4;0;7;0;0;0;7
2016-12-10;12;10;2;3;7;5;9;0;0;0;16
2016-12-11;33;21;19;10;1;4;4;0;1;1;0
2016-12-12;88;30;5;10;4;8;7;0;0;1;1
2016-12-13;30;21;0;17;1;7;4;0;0;1;0
2016-12-14;95;13;29;19;5;4;2;0;0;0;0
2016-12-15;63;64;0;47;2;9;1;0;2;3;0
2016-12-16;73;17;1;19;6;5;2;0;0;7;0
2016-12-17;22;7;0;7;7;2;5;0;0;1;0
2016-12-18;44;8;18;7;0;0;3;0;2;0;0
2016-12-19;159;30;30;10;5;8;3;0;1;2;0
2016-12-20;72;27;24;11;2;6;4;0;0;0;0
2016-12-21;50;16;6;1;3;1;1;2;0;0;0
2016-12-22;55;26;8;8;1;4;4;0;3;1;0
2016-12-23;44;13;1;3;5;4;7;0;1;0;0
2016-12-24;23;11;1;0;5;2;6;0;0;0;0
2016-12-25;3;7;27;0;0;0;1;0;3;1;0
2016-12-26;38;2;18;0;0;0;1;0;24;2;0
2016-12-27;24;11;7;1;3;0;2;1;1;1;0
2016-12-28;187;18;24;12;1;6;6;2;1;3;0
2016-12-29;103;17;16;8;7;7;1;0;4;1;0
2016-12-30;42;26;9;13;2;3;4;0;2;0;3
2016-12-31;29;11;0;2;0;0;2;0;0;0;0
2017-01-01;15;0;0;0;0;0;2;0;9;0;0
2017-01-02;20;5;0;2;3;0;1;2;0;1;2
2017-01-03;69;11;5;9;0;2;0;0;0;2;0
2017-01-04;37;16;5;4;0;2;0;6;0;2;0
2017-01-05;50;18;0;1;0;0;0;0;0;1;0
2017-01-06;14;4;14;1;4;0;0;0;0;2;0
2017-01-07;17;4;2;0;1;0;1;0;0;0;0
2017-01-08;28;7;4;1;1;0;1;0;0;0;0
2017-01-09;27;15;0;5;14;3;4;0;0;3;0
2017-01-10;6;0;0;0;1;0;2;0;0;0;0
2017-01-11;34;11;5;8;0;3;1;3;0;0;0
2017-01-12;38;13;0;5;5;8;4;0;0;1;0
2017-01-13;34;26;3;8;10;5;0;3;0;0;0
2017-01-14;17;24;1;11;5;0;7;2;0;0;0
2017-01-15;16;17;0;3;14;0;12;0;0;0;0
2017-01-16;36;29;10;3;4;3;6;2;0;0;0
2017-01-17;59;15;4;2;4;23;5;0;0;1;0
2017-01-18;64;58;23;8;3;9;1;0;0;0;0
2017-01-19;156;27;6;40;4;20;3;2;2;0;0
2017-01-20;668;35;20;50;0;11;6;2;0;0;0
2017-01-21;85;12;4;1;0;1;6;0;0;0;1
2017-01-22;28;10;0;1;3;0;15;0;1;0;0
2017-01-23;34;11;20;5;0;1;3;0;0;1;0
2017-01-24;74;28;22;1;1;0;7;0;0;0;0
2017-01-25;80;37;7;6;7;28;7;0;0;3;0
2017-01-26;91;36;35;0;3;30;0;1;0;0;0
2017-01-27;102;21;20;9;1;9;1;0;18;4;0
2017-01-28;12;13;0;1;1;12;0;0;3;9;0
2017-01-29;38;4;0;5;9;5;2;0;0;6;0
2017-01-30;60;27;5;2;4;5;6;0;0;4;2
2017-01-31;54;22;8;15;5;8;2;0;0;0;0
2017-02-01;60;40;0;22;7;2;2;6;2;1;0
2017-02-02;154;24;7;11;7;17;12;5;1;10;0
2017-02-03;52;41;0;9;12;6;8;3;5;6;0
2017-02-04;159;22;0;5;1;0;1;0;1;98;0
2017-02-05;73;9;0;2;1;0;1;0;0;54;0
2017-02-06;103;20;12;12;3;3;1;0;0;4;0
2017-02-07;53;26;2;19;11;32;1;2;1;1;0
2017-02-08;73;28;21;10;5;38;6;0;8;1;0
2017-02-09;67;32;9;13;4;6;1;0;2;0;0
2017-02-10;67;8;43;11;2;6;11;0;0;2;0
2017-02-11;32;6;8;1;0;1;1;0;0;0;0
2017-02-12;19;63;1;0;4;6;1;0;0;5;0
2017-02-13;203;80;28;37;3;27;4;0;2;5;0
2017-02-14;52;59;9;13;0;4;6;2;0;0;0
2017-02-15;119;51;25;5;0;6;2;2;2;0;0
2017-02-16;78;12;0;9;5;22;4;0;0;0;0
2017-02-17;78;30;4;21;5;13;9;0;1;0;0
2017-02-18;40;10;0;3;6;3;4;0;0;3;0
2017-02-19;31;10;1;5;2;1;2;0;1;1;0
2017-02-20;50;27;6;3;3;8;5;0;3;0;0
2017-02-21;80;60;5;7;13;1;2;3;7;0;0
2017-02-22;100;67;21;9;27;17;640;2;4;3;2
2017-02-23;159;43;21;33;18;16;259;6;3;0;2
2017-02-24;364;47;20;45;5;30;106;5;9;1;70
2017-02-25;32;33;0;3;8;3;72;0;1;0;12
2017-02-26;17;5;15;8;2;1;6;0;0;0;1
2017-02-27;122;25;1;19;3;17;7;0;1;1;0
2017-02-28;57;26;1;11;4;11;1;0;1;0;1
2017-03-01;54;10;0;11;7;0;1;3;1;0;0
2017-03-02;127;15;8;5;11;11;1;0;0;0;0
2017-03-03;67;28;13;21;10;10;7;0;0;0;0
2017-03-04;55;10;0;1;4;6;2;0;0;0;0
2017-03-05;16;14;0;4;6;1;8;0;0;1;0
2017-03-06;72;16;4;25;3;0;5;0;0;0;0
2017-03-07;85;15;25;31;4;3;3;0;0;2;0
2017-03-08;60;15;3;29;7;6;6;4;0;0;0
2017-03-09;35;10;4;25;4;4;2;0;0;0;0
2017-03-10;53;77;1;35;7;3;7;7;0;0;0
2017-03-11;66;6;0;10;2;3;5;0;0;0;0
2017-03-12;17;8;9;1;1;0;6;0;0;0;0
2017-03-13;114;15;95;12;2;11;4;0;0;1;0
2017-04-05;43;4;5;3;1;2;0;0;1;0;0
2017-04-06;37;4;0;23;6;1;1;0;0;0;0
2017-04-07;38;7;0;23;1;9;6;0;0;0;0
2017-04-08;18;0;1;11;0;2;3;0;0;1;0
2017-04-09;6;3;0;2;6;0;1;0;0;1;1
2017-04-10;28;10;0;8;7;1;2;0;0;1;0
2017-04-11;9;11;0;23;8;0;1;0;0;0;0
2017-04-12;21;6;3;20;5;0;0;0;0;0;1
2017-04-13;12;4;1;10;0;0;3;0;0;0;0
2017-04-14;17;2;9;12;0;0;1;0;0;1;0
2017-04-15;15;5;1;7;2;1;0;0;0;3;0
2017-04-16;17;15;0;9;1;10;3;0;1;1;0
2017-04-17;30;11;0;31;7;1;10;0;0;1;0
2017-04-18;71;29;7;77;14;8;99;0;1;0;0
2017-04-19;49;5;17;68;12;4;10;2;0;0;1
2017-04-20;38;31;1;55;7;2;4;4;1;4;0
2017-04-21;62;26;54;48;1;2;1;2;11;5;0
2017-04-22;12;3;0;11;1;0;0;0;3;1;0
2017-04-23;23;3;0;8;0;3;1;0;0;0;0
2017-04-24;34;18;1;65;3;5;1;1;0;19;0
2017-04-25;43;22;10;116;2;7;0;0;0;4;0
2017-04-26;117;15;40;104;4;20;2;0;3;0;0
2017-04-27;12;7;6;36;3;0;0;0;0;1;0
2017-04-28;21;18;27;15;3;2;2;2;0;0;0
2017-04-29;11;9;1;3;4;0;2;0;0;0;0
2017-04-30;9;6;2;19;2;0;5;0;0;0;0
2017-05-01;11;0;0;6;0;3;1;1;0;0;0
2017-05-02;13;8;0;3;2;0;2;0;1;0;0
2017-05-03;26;20;0;18;4;2;5;0;0;0;0
2017-05-04;26;48;2;50;1;0;2;1;0;2;1
2017-05-05;87;40;3;45;3;5;2;2;0;1;0
2017-05-06;17;24;7;10;0;2;0;0;0;0;0
2017-05-07;83;8;0;2;6;4;9;1;0;6;0
2017-05-08;46;35;0;29;1;0;1;0;1;1;0
2017-05-09;69;17;5;48;6;1;0;0;1;2;0
2017-05-10;40;11;31;40;6;5;8;0;0;1;0
2017-05-11;25;15;0;15;5;0;9;0;0;0;0
2017-05-12;40;24;1;8;0;10;8;0;0;2;0
2017-05-13;21;6;1;4;0;2;6;1;0;0;0
2017-05-14;12;5;0;1;0;0;5;0;3;1;0
2017-05-15;27;22;0;5;1;1;1;0;0;3;0
2017-05-16;37;21;3;28;1;4;2;0;0;1;0
2017-05-17;38;16;2;41;1;4;1;2;0;0;0
2017-05-18;29;20;0;33;1;6;3;0;0;1;0
2017-05-19;30;26;18;21;13;0;2;0;0;1;0
2017-05-20;48;4;58;16;0;1;2;0;2;0;0
2017-05-21;5;6;1;4;0;1;3;0;0;0;0
2017-05-22;61;9;4;38;8;5;9;0;1;0;0
2017-05-23;78;14;19;69;6;8;7;0;1;0;0
2017-05-24;34;10;14;74;4;6;2;0;2;0;0
2017-05-25;63;8;0;109;2;1;4;0;0;0;0
2017-05-26;50;12;0;127;7;2;1;2;0;1;0
2017-05-27;19;4;7;39;2;0;0;0;0;0;0
2017-05-28;19;5;17;17;1;1;0;0;1;0;0
2017-05-29;54;18;9;41;3;3;7;0;2;2;29
2017-05-30;47;26;4;102;5;15;12;2;1;5;0
2017-05-31;69;11;2;29;4;3;4;2;0;0;0
2017-06-01;56;15;133;66;2;2;10;1;0;1;1
2017-06-02;41;0;7;83;5;5;2;4;1;0;0
2017-06-03;18;8;2;4;1;1;18;0;0;0;0
2017-06-04;7;27;50;12;1;1;12;0;0;0;0
2017-06-05;53;6;16;25;10;9;7;7;0;0;0
2017-06-06;87;12;8;44;3;8;2;0;0;0;0
2017-06-07;52;48;6;46;7;101;4;0;10;0;1
2017-06-08;43;19;1;74;6;182;5;0;2;0;0
2017-06-09;72;16;6;90;3;32;5;3;0;0;0
2017-06-10;0;0;0;0;0;0;0;0;0;0;0
2017-06-15;78;11;19;98;1;14;4;3;0;1;0
2017-06-16;64;10;3;188;5;12;6;0;0;0;0
2017-06-17;23;11;1;49;1;0;4;7;0;0;0
2017-06-18;44;5;0;28;0;0;4;2;0;0;0
2017-06-19;72;8;20;105;4;2;28;0;0;0;0
2017-06-20;98;24;21;105;4;5;10;0;4;1;0
2017-06-21;74;20;0;106;9;1;5;5;1;0;0
2017-06-22;54;28;0;115;3;8;5;0;2;0;0
2017-06-23;85;15;2;76;4;12;4;0;23;0;0
2017-06-24;12;3;0;14;1;1;3;0;0;0;0
2017-06-25;8;15;0;9;0;0;3;0;0;0;0
2017-06-26;46;16;23;39;1;6;2;1;0;15;0
2017-06-27;43;11;3;36;2;3;1;3;2;1;0
2017-06-28;89;18;121;51;9;10;3;1;2;0;0
2017-06-29;90;20;19;16;2;4;5;0;3;0;0
2017-06-30;67;17;11;26;3;16;9;0;1;0;0
2017-07-01;97;13;9;4;4;5;9;1;1;0;0
2017-07-02;63;10;0;4;8;0;12;4;0;4;0
2017-07-03;107;29;2;42;4;10;5;0;0;1;0
2017-07-04;57;37;9;40;1;11;0;0;1;0;0
2017-07-05;90;11;6;53;0;2;1;0;1;1;0
2017-07-06;114;44;34;68;7;11;13;0;0;125;11
2017-07-07;110;70;40;62;4;9;327;0;8;2446;13
2017-07-08;33;26;12;15;7;1;241;1;1;881;15
2017-07-09;15;29;2;9;1;0;22;2;1;324;1
2017-07-10;66;50;1;37;3;1;4;1;7;87;0
2017-07-11;64;20;2;44;0;4;9;0;0;21;0
2017-07-12;59;20;3;53;1;3;2;0;0;15;1
2017-07-13;63;58;6;55;1;6;2;0;2;16;1
2017-07-14;40;22;3;70;1;0;10;0;1;2;0
2017-07-15;13;8;12;20;4;0;4;0;0;2;0
2017-07-16;35;13;1;36;0;4;8;0;0;16;0
2017-07-17;83;34;131;55;2;8;7;0;7;10;0
2017-07-18;107;19;1;38;5;19;2;0;0;2;0
2017-07-19;40;8;0;16;1;4;0;0;0;0;0
2017-08-01;8;0;0;37;0;1;2;0;0;1;0
2017-08-02;33;8;10;12;0;4;4;0;0;1;1
2017-08-03;35;4;1;31;1;0;2;0;0;3;0
2017-08-04;30;9;0;30;1;2;4;1;1;1;0
2017-08-05;12;11;0;6;2;0;2;0;0;0;0
2017-08-06;25;4;2;7;0;0;1;0;0;1;0
2017-08-07;56;12;2;36;4;0;2;0;0;5;0
2017-08-08;49;16;5;14;1;3;6;0;0;0;0
2017-08-09;59;12;5;20;1;8;2;0;1;0;0
2017-08-10;46;10;6;5;0;8;0;1;0;5;0
2017-08-11;23;7;1;32;1;6;2;0;0;2;0
2017-08-12;11;7;0;6;0;1;1;0;0;1;0
2017-08-13;8;11;0;7;0;0;6;0;0;1;0
2017-08-14;34;5;7;10;5;0;4;0;0;0;0
2017-08-15;53;4;30;26;0;0;1;0;0;1;0
2017-08-16;65;20;0;54;1;0;0;0;1;2;0
2017-08-17;42;13;0;31;4;0;0;0;0;2;0
2017-08-18;24;2;58;3;3;3;1;0;0;1;1
2017-08-19;6;5;0;1;1;20;0;0;0;1;0
2017-08-20;6;0;0;5;2;2;0;0;0;3;0
2017-08-21;27;10;17;15;2;9;2;0;0;4;0
2017-08-22;60;28;3;36;1;3;2;0;2;1;0
2017-08-23;36;3;0;9;1;1;0;0;0;1;0
2017-08-24;41;11;0;24;4;0;1;0;0;1;0
2017-08-25;16;14;1;13;0;0;1;0;1;0;0
2017-08-26;10;7;18;2;3;0;0;1;0;1;0
2017-08-27;7;2;0;5;0;1;1;0;0;3;0
2017-08-28;28;17;4;27;1;0;1;0;3;17;0
2017-08-29;16;14;6;28;1;1;1;0;0;3;0
2017-08-30;18;8;0;6;2;0;1;0;0;1;0
2017-08-31;70;12;14;17;2;4;3;0;0;1;0
2017-09-01;56;15;0;19;1;5;1;0;0;0;0
2017-09-02;14;24;0;0;0;2;4;0;0;3;0
2017-09-03;1;5;1;0;0;0;1;0;0;1;0
2017-09-04;3;0;0;0;0;0;0;0;0;0;0
2017-09-05;90;50;5;56;4;7;23;0;1;1;0
2017-09-06;209;44;2;73;8;10;3;9;1;33;0
2017-09-07;175;29;1;38;8;14;8;1;1;30;0
2017-09-08;150;24;0;30;7;5;8;1;0;14;0
2017-09-09;29;7;9;17;2;0;17;0;0;1;0
2017-09-10;11;1;4;1;0;0;1;0;0;0;0
2018-06-11;38;18;1;12;2;1;6;4;1;1;0
2018-06-12;173;44;17;48;0;2;8;4;3;8;0
2018-06-13;43;26;1;50;2;4;2;2;0;5;0
2018-06-14;83;37;1;39;2;1;1;0;0;1;0
2018-06-15;128;32;3;89;9;18;7;0;2;2;0
2018-06-16;29;17;1;19;0;2;0;0;4;0;0
2018-06-17;46;14;0;15;3;0;0;0;1;1;0
2018-06-18;75;32;1;90;3;7;8;0;0;0;0
2018-06-19;49;27;5;77;5;121;13;0;1;1;0
2018-06-20;56;23;5;110;6;22;2;0;0;0;0
2018-06-21;88;35;3;103;12;3;8;1;0;5;0
2018-06-22;91;23;0;151;5;19;1;3;0;1;0
2018-06-23;32;32;0;49;1;5;7;2;0;0;0
2018-06-24;26;20;23;33;1;1;1;0;0;0;0
2018-06-25;37;47;1;115;3;5;1;1;1;1;0
2018-06-26;138;87;8;256;2;61;4;47;0;2;0
2018-06-27;113;66;4;148;3;50;8;36;1;10;0
2018-06-28;141;66;3;245;0;19;7;3;4;0;0
2018-06-29;105;15;4;152;6;14;5;0;6;1;0
2018-06-30;55;32;6;78;8;12;5;1;0;0;0
2018-07-01;82;55;0;23;0;3;8;0;0;0;0
2018-07-02;375;39;12;53;5;8;6;0;1;0;1
2018-07-03;749;56;2;61;6;11;4;0;4;1;0
2018-07-04;353;31;11;110;9;18;8;0;2;0;0
2018-07-05;180;33;15;117;6;15;2;2;0;2;0
2018-07-06;197;21;1;98;6;31;1;0;0;0;0
2018-07-07;113;9;2;38;0;14;14;0;1;1;0
2018-07-08;52;23;2;14;0;0;8;0;1;0;0
2018-07-09;106;68;12;101;6;10;3;0;5;0;0
2018-07-10;164;64;40;117;6;7;1;1;14;4;3
2018-07-11;185;74;14;159;5;31;8;1;4;0;3
2018-07-12;280;68;5;147;12;12;9;1;2;2;0
2018-07-13;252;30;5;109;6;13;5;1;0;0;2
2018-07-14;104;37;17;19;3;2;16;1;4;1;1
2018-07-15;43;13;4;5;2;1;11;0;1;0;0
2018-07-16;117;28;24;68;1;3;9;0;11;1;0
2018-07-17;180;109;19;80;3;17;9;8;4;1;0
2018-07-18;92;103;16;70;5;2;6;1;2;6;0
2018-07-19;147;41;10;142;0;16;3;0;5;20;1
2018-07-20;143;32;55;95;11;17;2;4;1;8;0
2018-07-21;164;10;131;8;2;1;0;3;1;1;0
2018-07-22;88;22;67;18;5;1;1;0;0;0;0
2018-07-23;110;79;15;46;7;5;8;0;0;2;0
2018-07-24;128;33;37;50;1;9;3;3;0;1;0
2018-07-25;247;29;8;123;7;19;7;0;0;7;0
2018-07-26;152;58;5;73;0;8;2;1;7;1;0
2018-07-27;122;45;4;110;0;12;14;7;1;0;0
2018-07-28;60;21;26;19;2;0;16;2;1;0;0
2018-07-29;54;20;1;10;0;4;4;0;0;2;0
2018-07-30;212;57;23;87;3;37;5;1;4;1;0
2018-07-31;134;126;14;168;2;17;8;2;2;1;1
2018-08-01;301;68;53;274;8;24;83;0;5;2;0
2018-08-02;333;49;23;223;4;33;35;1;1;0;2
2018-08-03;661;65;40;443;9;80;19;4;0;1;0
2018-08-04;189;56;17;100;1;10;11;3;3;0;0
2018-08-05;82;28;5;62;0;3;2;0;1;0;0
2018-08-06;232;25;11;95;1;21;2;1;2;1;0
2018-08-07;284;28;12;150;4;10;6;2;0;0;1
2018-08-08;335;18;15;223;2;17;2;1;1;0;0
2018-08-09;213;42;29;175;1;19;20;7;0;0;0
2018-08-10;252;41;23;126;0;10;36;1;0;0;0
2018-08-11;117;14;2;51;0;2;7;1;5;0;0
2018-08-12;95;27;0;61;4;6;2;0;4;0;0
2018-08-13;350;49;11;149;2;44;13;3;2;5;0
2018-08-14;212;29;2;73;1;29;4;3;1;0;1
2018-08-15;50;9;2;23;3;24;4;0;0;0;0
2018-08-16;124;47;59;66;0;21;4;11;4;1;0
2018-08-17;174;35;46;57;1;16;2;0;3;3;0
2018-08-18;76;8;3;24;1;5;2;0;2;1;0
2018-08-19;111;14;1;12;0;5;14;4;0;4;0
2018-08-20;105;23;1;28;7;3;7;5;1;2;0
2018-08-21;138;42;30;36;4;18;4;0;1;1;3
2018-08-22;338;205;9;95;3;22;6;0;4;11;4
2018-08-23;256;128;12;67;1;34;5;0;1;3;4
2018-08-24;714;261;6;123;3;88;7;0;7;0;1
2018-08-25;2733;97;2;70;11;49;16;0;0;0;0
2018-08-26;1829;63;1;48;14;9;9;1;0;0;0
2018-08-27;655;65;6;96;6;56;15;3;0;0;0
2018-08-28;236;48;8;69;4;29;10;0;0;0;0
2018-08-29;263;43;5;93;1;26;5;3;2;9;7
2018-08-30;235;31;12;39;2;30;14;2;0;4;1
2018-08-31;566;17;15;132;0;66;22;1;2;3;1
2018-09-01;81;29;4;23;0;11;10;0;0;1;1
2018-09-02;37;18;4;11;0;5;15;0;1;5;0
2018-09-03;115;58;3;88;1;13;9;0;0;0;0
2018-09-04;179;68;38;185;2;4;1;1;1;10;0
2018-09-05;88;69;64;81;3;22;1;1;0;4;1
2018-09-06;159;69;39;40;3;20;2;4;0;7;0
2018-09-07;127;32;21;36;2;18;9;1;0;12;0
2018-09-08;21;16;1;8;1;5;8;0;1;0;0
2018-09-09;30;14;3;8;1;23;5;1;1;0;0
2018-09-10;162;26;15;33;6;57;13;10;0;5;1
2018-09-11;187;55;31;60;2;20;9;6;0;1;0
2018-09-12;89;41;2;75;1;15;8;5;4;3;0
2018-09-13;121;107;5;129;2;8;13;6;2;5;0
2018-09-14;190;41;3;190;3;30;9;10;3;5;0
2018-09-15;90;37;0;67;1;11;6;0;1;3;0
2018-09-16;109;22;0;24;2;4;13;1;0;1;9
2018-09-17;251;47;71;162;9;37;1;3;8;4;3
2018-09-18;84;40;1;77;6;29;0;1;4;0;0
2018-09-19;136;99;39;176;3;16;17;13;10;2;1
2018-09-20;184;68;5;145;26;30;9;4;1;5;2
2018-09-21;227;85;6;176;10;56;2;17;0;0;0
2018-09-22;113;19;2;124;2;19;1;12;3;1;0
2018-09-23;98;33;0;53;1;17;2;0;2;1;0
2018-09-24;521;117;70;215;6;64;3;1;2;1;0
2018-09-25;538;124;57;171;28;109;8;8;399;3;0
2018-09-26;268;70;6;168;10;118;5;10;524;0;0
2018-09-27;203;54;0;116;4;104;13;15;178;0;0
2018-09-28;259;45;3;104;10;72;11;9;14;0;0
2018-09-29;101;30;2;38;2;50;39;3;7;4;0
2018-09-30;146;31;1;17;0;32;20;2;3;0;0
2018-10-01;488;61;95;177;1;95;9;16;10;2;0
2018-10-02;151;45;6;90;3;40;8;26;5;0;0
2018-10-03;179;128;115;54;7;21;6;6;10;5;0
2018-10-04;117;48;36;94;14;38;13;15;3;0;0
2018-10-05;439;34;5;74;9;37;12;5;11;1;4
2018-10-06;353;9;0;47;1;18;5;5;0;0;0
2018-10-07;107;6;104;52;0;7;16;1;2;2;0
2018-10-08;134;73;36;29;0;23;15;3;0;3;0
2018-10-09;228;172;11;34;3;14;26;3;0;4;0
2018-10-10;195;158;3;99;3;135;8;5;3;5;0
2018-10-11;124;50;6;123;5;37;9;13;0;11;0
2018-10-12;119;26;1;43;1;22;9;14;0;1;0
2018-10-13;69;49;0;18;1;8;7;3;3;0;0
2018-10-14;75;47;0;5;0;1;16;1;2;0;0
2018-10-15;555;68;65;67;0;65;15;2;1;59;5
2018-10-16;311;84;0;56;11;41;6;6;1;3;0
2018-10-17;1197;124;7;134;9;131;33;27;2;5;2
2018-10-18;1741;72;144;81;4;51;17;29;2;1;0
2018-10-19;820;54;11;112;2;98;7;3;0;1;0
2018-10-20;339;27;17;27;1;31;4;0;4;1;1
2018-10-21;147;15;37;13;2;5;4;8;11;0;8
2018-10-22;233;180;2;58;9;40;23;25;2;0;1
2018-10-23;189;81;0;94;11;43;39;7;5;0;0
2018-10-24;767;58;5;57;2;443;7;2;2;0;0
2018-10-25;271;46;0;77;6;115;26;0;11;3;0
2018-10-26;462;43;91;67;7;67;18;2;5;1;0
2018-10-27;110;24;5;18;2;14;2;1;0;1;0
2018-10-28;85;40;0;6;1;3;1;0;3;0;0
2018-10-29;284;35;67;24;0;29;5;5;3;3;0
2018-10-30;1555;13;93;78;6;162;5;8;5;1;0
2018-10-31;457;26;15;38;6;67;1;3;0;2;4
2018-11-01;110;15;3;11;2;11;30;1;0;0;1
2018-11-02;95;16;21;18;1;11;10;0;1;0;0
2018-11-03;21;13;1;16;1;1;7;1;0;0;1
2018-11-04;64;15;7;7;0;19;4;0;0;2;0
2018-11-05;351;88;40;31;8;26;10;11;15;5;0
2018-11-06;515;65;28;26;2;74;18;3;5;1;1
2018-11-07;252;155;11;67;4;42;30;8;0;6;0
2018-11-08;136;93;1;27;0;58;11;1;6;5;0
2018-11-09;134;73;7;10;1;8;17;0;0;0;0
2018-11-10;274;91;9;9;0;11;5;0;3;2;0
2018-11-11;716;753;7;13;0;5;3;0;0;1;0
2018-11-12;1324;348;5;47;1;76;3;0;1;2;1
2018-11-13;286;64;2;41;2;10;2;1;0;2;0
2018-11-14;156;32;32;53;2;35;3;8;9;1;0
2018-11-15;134;82;13;51;5;53;7;27;5;1;0
2018-11-16;189;27;53;51;5;40;5;110;3;0;0
2018-11-17;88;107;5;26;0;9;4;4;0;3;0
2018-11-18;45;137;0;9;3;18;12;42;0;1;0
2018-11-19;100;46;2;37;1;19;4;4;1;5;0
2018-11-20;115;38;246;38;1;25;4;7;0;10;0
2018-11-21;1304;71;53;34;2;70;3;2;4;7;0
2018-11-22;1679;107;17;36;8;50;6;0;3;6;1
2018-11-23;1413;37;4;41;6;178;3;0;1;1;0
2018-11-24;384;18;15;23;4;284;4;0;1;1;0
2018-11-25;98;28;4;8;1;75;7;0;1;2;0
2018-11-26;239;51;18;18;22;14;7;1;1;3;0
2018-11-27;259;51;10;46;2;83;2;8;2;2;0
2018-11-28;200;38;1;68;4;75;1;9;1;61;0
2018-11-29;444;20;12;58;5;72;2;4;3;106;0
2018-11-30;621;22;23;58;9;119;15;0;6;15;0
2018-12-01;712;27;10;32;6;106;18;0;1;4;0
2018-12-02;807;24;4;12;1;63;9;0;19;1;0
2018-12-03;202;65;1;19;2;33;4;0;4;2;0
2018-12-04;137;41;18;13;4;14;4;0;1;1;0
2018-12-05;1284;36;16;34;1;18;1;0;0;0;0
2018-12-06;1287;18;2;4;1;12;2;0;0;0;0
2018-12-07;321;46;8;9;1;12;6;0;2;0;3
2018-12-08;102;9;8;1;0;11;0;0;0;0;2
2018-12-09;77;17;34;2;0;6;4;0;0;0;0
2018-12-10;1068;47;27;8;5;16;11;1;1;8;0
2018-12-11;496;49;5;6;4;18;1;2;1;1;0
2018-12-12;362;35;12;24;2;59;6;1;1;0;1
2018-12-13;362;26;11;15;3;52;23;1;2;4;0
2018-12-14;322;79;24;19;3;58;9;7;0;0;0
2018-12-15;172;22;7;15;3;44;4;3;2;0;0
2018-12-16;114;30;2;7;13;15;4;0;2;1;0
2018-12-17;183;57;5;14;3;37;4;1;0;2;0
2018-12-18;176;54;1;31;0;37;5;0;1;0;0
2018-12-19;167;18;3;14;2;29;7;0;2;1;0
2018-12-20;195;69;6;13;10;27;36;0;2;0;0
2018-12-21;193;50;31;11;2;22;14;0;0;0;0
2018-12-22;130;25;3;14;1;14;7;1;1;0;0
2018-12-23;125;47;4;2;6;18;6;0;6;0;1
2018-12-24;36;9;0;1;0;13;3;0;0;0;0
2018-12-25;43;16;0;1;0;2;1;0;0;0;0
2018-12-26;200;18;0;3;6;2;1;0;10;1;0
2018-12-27;109;11;0;9;1;2;1;1;2;0;0
2018-12-28;163;20;44;25;1;6;14;1;0;0;0
2018-12-29;81;16;1;8;2;14;1;0;1;0;0
2018-12-30;65;4;1;3;2;14;2;0;2;0;0
2018-12-31;97;11;2;4;3;12;3;0;0;0;0
2019-01-01;40;19;0;3;6;4;9;0;0;0;0
2019-01-02;127;31;23;14;1;16;15;0;2;39;0
2019-01-03;64;57;16;5;0;16;24;9;4;12;1
2019-01-04;88;25;5;15;2;9;9;0;3;1;0
2019-01-05;132;50;0;5;7;8;0;0;3;1;0
2019-01-06;50;36;0;3;0;0;1;0;0;0;0
2019-01-07;11;86;0;26;0;9;0;0;1;0;0
2019-01-08;124;144;0;9;1;35;3;2;1;0;0
2019-01-09;251;127;27;7;1;38;19;0;2;2;0
2019-01-10;210;271;7;5;2;26;2;0;1;0;0
2019-01-11;269;104;28;11;5;22;2;5;7;2;0
2019-01-12;55;44;2;5;1;2;0;4;2;1;0
2019-01-13;60;10;3;3;0;0;10;1;1;0;0
2019-01-14;261;58;64;16;1;64;7;8;1;0;1
2019-01-15;105;127;10;3;3;11;4;1;0;0;0
2019-01-16;216;76;36;9;0;19;4;0;2;0;0
2019-01-17;422;90;48;21;3;126;2;1;0;0;0
2019-01-18;196;54;11;28;2;22;2;0;0;0;0
2019-01-19;80;26;10;29;3;12;1;0;0;0;0
2019-01-20;59;39;144;3;6;3;0;0;0;0;9
2019-01-21;75;80;10;9;12;9;5;1;1;1;1
2019-01-22;158;91;4;4;10;12;8;0;3;11;24
2019-01-23;921;97;30;39;5;16;3;1;5;12;26
2019-01-24;152;40;27;22;5;14;4;0;1;2;0
2019-01-25;247;63;98;21;2;41;4;0;1;5;0
2019-01-26;80;20;27;10;0;8;6;3;2;0;0
2019-01-27;53;19;21;1;2;3;10;3;3;0;0
2019-01-28;146;27;130;28;3;29;7;2;2;3;0
2019-01-29;226;41;57;10;1;51;4;0;2;0;0
2019-01-30;78;51;32;23;2;8;3;8;0;0;0
2019-01-31;83;31;27;14;7;21;3;3;1;0;0
2019-02-01;167;26;30;14;4;51;5;0;0;1;1
2019-02-02;95;12;6;5;1;12;2;0;1;0;0
2019-02-03;187;62;4;9;24;9;4;0;0;0;0
2019-02-04;380;73;74;58;5;91;5;0;4;1;0
2019-02-05;280;66;6;22;4;59;6;0;2;0;0
2019-02-06;142;23;5;327;1;12;3;4;1;0;3
2019-02-07;159;24;67;109;1;38;3;19;0;1;7
2019-02-08;390;20;53;53;2;153;8;1;2;2;0
2019-02-09;179;11;58;37;4;57;2;0;1;4;6
2019-02-10;75;19;15;12;1;175;8;0;0;0;2
2019-02-11;247;50;16;27;2;86;12;1;1;0;1
2019-02-12;274;21;28;29;3;103;14;9;1;9;1
2019-02-13;179;24;3;40;6;56;41;5;1;3;0
2019-02-14;292;65;16;22;6;37;11;8;0;1;1
2019-02-15;628;60;13;93;1;110;7;1;0;1;3
2019-02-16;187;35;5;32;5;13;3;0;1;0;0
2019-02-17;162;13;7;5;0;15;8;1;1;0;0
2019-02-18;873;40;9;22;1;42;3;4;1;0;0
2019-02-19;587;50;16;45;2;117;4;2;8;0;0
2019-02-20;387;24;5;52;3;164;6;11;2;1;0
2019-02-21;468;70;45;13;11;161;11;7;12;2;0
2019-02-22;538;36;17;56;4;405;2;1;1;8;0
2019-02-23;212;36;12;5;7;108;3;1;0;1;0
2019-02-24;199;37;40;23;1;12;4;0;3;0;0
2019-02-25;167;26;5;25;3;31;10;3;0;3;0
2019-02-26;391;23;6;37;2;247;3;5;0;0;0
2019-02-27;271;32;12;28;11;219;4;6;5;1;0
2019-02-28;265;70;3;26;4;108;3;4;21;0;0
2019-03-01;703;26;30;16;6;130;6;1;23;0;1
2019-03-02;336;7;4;7;8;23;13;0;4;2;1
2019-03-03;73;17;2;12;2;9;16;1;0;2;0
2019-03-04;157;42;45;19;4;34;13;5;1;0;0
2019-03-05;143;48;3;31;1;42;7;3;1;0;1
2019-03-06;150;17;21;58;1;32;2;5;0;2;0
2019-03-07;183;42;29;22;2;12;5;10;0;2;0
2019-03-08;126;20;0;11;0;26;0;4;4;4;0
2019-03-09;50;7;0;6;0;14;4;3;0;1;0
2019-03-10;36;7;0;3;1;8;18;0;1;0;0
2019-03-11;96;35;2;12;3;16;6;3;1;2;0
2019-03-12;65;14;11;17;3;13;16;2;0;0;0
2019-03-13;155;16;37;32;3;35;6;3;0;1;0
2019-03-14;193;47;25;18;0;46;3;9;1;2;0
2019-03-15;84;21;12;19;2;34;2;2;1;0;0
2019-03-16;56;20;1;7;1;8;3;0;1;0;0
2019-03-17;35;23;1;1;1;17;3;0;5;0;0
2019-03-18;70;47;2;10;4;19;5;6;2;1;2
2019-03-19;216;226;2;10;1;53;6;0;7;1;3
2019-03-20;533;340;90;43;5;111;23;4;2;3;13
2019-03-21;351;259;6;63;5;62;13;10;0;8;51
2019-03-22;233;48;8;52;5;49;15;0;0;1;112
2019-03-23;112;31;2;21;1;46;8;0;1;0;109
2019-03-24;66;15;42;4;1;48;4;0;2;3;24
2019-03-25;133;34;21;29;0;44;2;8;0;0;97
2019-03-26;231;54;20;31;10;60;9;6;0;0;60
2019-03-27;140;45;6;32;4;35;2;4;0;0;45
2019-03-28;160;24;19;26;1;13;2;0;0;0;46
2019-03-29;232;47;13;50;2;18;13;1;1;1;18
2019-03-30;87;28;1;5;0;15;3;1;0;0;8
2019-03-31;21;21;0;4;0;6;3;1;3;0;2
2019-04-01;229;31;14;32;5;45;9;0;1;1;4
2019-04-02;117;31;5;23;1;41;5;1;0;1;2
2019-04-03;153;53;3;28;5;34;4;1;14;3;2
2019-04-04;145;36;9;18;7;29;12;4;4;0;2
2019-04-05;108;103;24;11;5;26;5;0;0;1;14
2019-04-06;108;27;3;9;1;24;6;0;2;0;27
2019-04-07;32;12;2;3;1;1;13;0;1;1;17
2019-04-08;734;119;41;71;2;149;9;2;1;9;13
2019-04-09;372;70;34;29;4;161;5;0;6;1;11
2019-04-10;317;40;20;47;10;60;1;0;1;1;4
2019-04-11;323;38;12;34;9;32;1;4;1;1;7
2019-04-12;229;35;10;27;1;21;3;2;0;0;42
2019-04-13;137;4;52;13;3;15;0;0;0;0;6
2019-04-14;74;3;13;6;0;16;2;4;1;1;2
2019-04-15;119;8;3;30;6;9;4;0;0;0;2
2019-04-16;102;22;9;9;10;43;1;1;0;1;2
2019-04-17;43;19;1;3;1;22;3;0;1;1;5
2019-04-18;56;16;1;3;0;4;8;0;0;17;6
2019-04-19;25;4;0;3;1;0;4;0;0;6;0
2019-04-20;76;23;2;0;0;3;1;0;0;0;2
2019-04-21;33;23;2;0;3;12;3;2;3;1;0
2019-04-22;63;76;2;8;0;4;6;1;0;4;0
2019-04-23;83;81;8;8;2;2;5;0;1;2;0
2019-04-24;248;29;10;27;5;36;2;4;1;24;0
2019-04-25;157;177;4;23;1;18;7;0;2;6;0
2019-04-26;247;134;2;48;2;24;1;1;1;3;1
2019-04-27;57;25;2;12;3;5;2;1;0;0;0
2019-04-28;36;15;1;10;12;0;2;0;2;0;0
2019-04-29;52;58;1;21;1;19;1;1;1;1;0
2019-04-30;63;49;3;64;5;9;0;0;0;0;0
2019-05-01;20;16;4;10;1;3;3;0;0;0;0
2019-05-02;34;9;11;8;3;13;1;0;0;0;0
2019-05-03;40;16;14;9;8;38;7;0;0;0;0
2019-05-04;88;32;10;9;1;38;3;0;0;0;1
2019-05-05;71;48;0;1;0;4;3;0;1;0;0
2019-05-06;342;79;16;16;7;10;0;0;4;0;0
2019-05-07;245;38;18;81;6;27;2;2;2;1;8
2019-05-08;229;70;84;97;5;198;2;0;7;2;6
2019-05-09;198;92;1;53;7;58;14;0;8;81;1
2019-05-10;299;72;3;168;6;36;3;0;4;9;3
2019-05-11;149;25;0;69;4;13;5;0;0;3;0
2019-05-12;617;17;0;12;1;45;6;0;10;3;0
2019-05-13;428;72;7;44;3;15;3;1;3;5;0
2019-05-14;364;36;24;232;3;187;5;10;1;1;0
2019-05-15;119;30;3;93;4;55;1;0;1;0;0
2019-05-16;114;30;7;187;6;63;2;1;1;4;0
2019-05-17;316;28;8;36;2;62;1;0;2;3;0
2019-05-18;159;11;2;13;8;9;3;3;0;0;1
2019-05-19;250;10;0;1;0;32;19;0;0;0;41
2019-05-20;250;43;9;62;3;51;5;0;0;0;0
2019-05-21;177;46;21;39;10;26;9;1;3;0;1
2019-05-22;375;38;1;99;7;73;5;0;3;2;0
2019-05-23;1025;45;8;137;4;112;5;0;1;1;3
2019-05-24;584;21;2;170;9;73;12;2;1;2;1
2019-05-25;73;37;1;29;3;5;6;0;0;1;0
2019-05-26;64;28;2;20;0;56;5;0;2;0;3
2019-05-27;234;29;29;75;4;30;22;3;0;0;0
2019-05-28;109;23;19;42;13;13;15;1;1;0;0
2019-05-29;66;47;16;24;2;5;3;0;0;0;0
2019-05-30;44;40;6;75;4;13;0;0;1;1;0
2019-05-31;78;33;1;62;8;18;3;0;0;0;0
2019-06-01;43;10;10;9;35;4;14;0;1;3;0
2019-06-02;22;32;2;6;28;0;4;0;1;0;0
2019-06-03;239;28;4;134;18;10;4;0;0;1;0
2019-06-04;75;347;8;181;6;18;3;3;3;0;0
2019-06-05;42;32;2;51;2;19;1;0;1;1;0
2019-06-06;36;33;10;23;1;6;1;0;0;0;0
2019-06-07;138;28;32;18;3;8;10;0;0;3;0
2019-06-08;39;4;1;3;0;4;4;0;0;0;1
2019-06-09;103;6;7;11;2;1;4;0;0;0;0
2019-06-10;395;36;19;46;13;21;5;0;0;0;0
2019-06-11;460;76;130;49;11;60;2;0;0;0;0
2019-06-12;82;31;14;31;2;8;1;0;1;1;0
2019-06-13;64;34;0;41;4;5;4;2;0;0;0
2019-06-14;109;21;1;84;5;7;6;2;0;0;0
2019-06-15;25;19;0;15;1;0;13;0;0;1;0
2019-06-16;28;11;0;18;1;0;7;0;1;1;0
2019-06-17;395;10;4;48;6;11;5;0;0;0;0
2019-06-18;685;14;1;100;3;36;2;0;5;0;0
2019-06-19;193;15;33;103;6;29;5;1;2;1;1
2019-06-20;136;64;0;180;5;23;6;1;1;0;0
2019-06-21;164;48;12;91;4;38;5;7;1;0;1
2019-06-22;27;12;0;19;2;2;0;0;1;0;0
2019-06-23;24;9;0;12;2;3;10;0;0;1;0
2019-06-24;119;25;2;117;21;20;5;0;2;0;0
2019-06-25;111;16;3;167;11;21;10;1;1;7;0
2019-06-26;210;19;5;246;7;71;3;0;3;1;5
2019-06-27;154;21;10;232;5;30;4;0;0;1;0
2019-06-28;481;22;20;383;7;134;11;3;0;1;0
2019-06-29;71;13;1;72;9;9;5;1;1;0;0
2019-06-30;49;31;1;41;2;6;7;0;1;0;4
2019-07-01;629;167;9;680;1028;419;16;147;4;0;1
2019-07-02;603;85;27;461;1343;178;7;61;5;54;0
2019-07-03;706;33;8;344;106;105;11;4;0;6;1
2019-07-04;298;22;47;215;7;59;4;0;3;1;4
2019-07-05;347;17;11;250;7;151;7;2;2;1;0
2019-07-06;79;10;13;60;2;38;3;0;0;0;0
2019-07-07;84;6;6;20;2;4;6;0;1;0;0
2019-07-08;214;55;22;105;9;43;3;0;1;0;0
2019-07-09;297;61;23;98;1;31;8;0;1;6;0
2019-07-10;532;79;1;112;4;89;8;0;1;0;0
2019-07-11;349;33;44;117;10;54;5;0;2;1;0
2019-07-12;590;26;21;186;9;133;2;1;2;0;0
2019-07-13;337;7;8;34;8;12;2;0;0;0;0
2019-07-14;97;6;3;27;5;6;3;0;0;0;0
2019-07-15;418;28;7;239;18;45;6;0;1;0;0
2019-07-16;367;31;7;208;7;47;4;1;1;1;1
2019-07-17;438;36;9;259;3;86;4;3;7;0;1
2019-07-18;338;28;7;188;4;77;27;1;3;0;0
2019-07-19;538;39;8;349;6;151;10;4;0;2;0
2019-07-20;108;18;3;79;4;15;2;0;2;0;0
2019-07-21;406;12;0;108;5;40;7;0;3;0;0
2019-07-24;18;5;0;19;3;0;0;0;0;0;0
2019-07-25;176;29;18;123;2;68;4;0;6;0;20
2019-07-26;968;31;11;341;5;244;12;0;6;1;12
2019-07-27;179;14;2;36;8;24;2;0;9;0;4
2019-07-28;94;24;0;21;1;11;2;0;1;3;0
2019-07-29;249;176;32;120;6;71;8;0;1;4;1
2019-07-30;268;49;12;57;7;21;4;0;0;1;0
2019-07-31;207;55;13;50;23;31;2;4;0;1;0
2019-08-01;568;64;1;172;11;71;11;2;2;0;1
2019-08-02;809;298;3;324;11;139;27;208;1;0;0
2019-08-03;571;88;0;234;5;72;17;287;2;1;1
2019-08-04;411;17;9;30;2;12;2;17;10;0;0
2019-08-05;1026;42;1;80;4;65;40;14;0;0;2
2019-08-06;1835;44;13;142;12;70;26;4;14;1;1
2019-08-07;1133;33;1;149;7;115;5;5;8;0;0
2019-08-08;1008;52;2;92;19;76;7;5;1;1;0
2019-08-09;872;61;33;183;9;84;17;1;1;2;1
2019-08-10;300;26;42;133;0;29;1;2;2;6;0
2019-08-11;103;8;6;28;0;3;0;0;0;0;0
2019-08-12;227;16;12;47;2;27;2;0;2;0;0
2019-08-13;230;27;0;30;5;31;4;2;2;2;0
2019-08-14;275;17;5;81;6;37;5;1;2;0;0
2019-08-15;199;8;1;37;3;23;24;0;0;0;0
2019-08-16;484;26;7;50;4;15;43;0;1;0;1
2019-08-17;290;22;5;22;3;12;2;1;0;0;0
2019-08-18;127;42;0;8;1;21;1;3;0;1;0
2019-08-19;223;16;0;51;1;17;12;1;3;0;0
2019-08-20;147;132;11;63;2;22;2;0;1;1;0
2019-08-21;216;25;17;45;2;37;3;1;0;72;0
2019-08-22;464;15;24;113;1;29;2;0;0;237;1
2019-08-23;286;25;14;40;1;11;2;1;2;17;0
2019-08-24;87;12;1;7;1;2;7;1;0;6;0
2019-08-25;75;17;4;21;2;1;5;0;1;3;0
2019-08-26;728;41;418;169;4;39;6;0;0;336;0
2019-08-27;243;59;157;102;9;16;4;0;4;699;0
2019-08-28;314;49;51;61;9;16;2;0;3;61;0
2019-08-29;227;42;9;45;4;22;2;3;0;22;0
2019-08-30;423;29;55;55;9;85;21;0;5;36;0
2019-08-31;91;14;7;26;4;13;13;0;2;17;0
2019-09-01;125;21;1;22;2;3;7;0;0;58;0
2019-09-02;205;66;11;113;4;24;4;0;2;9;0
2019-09-03;247;31;1;55;2;5;5;0;2;5;0
2019-09-04;173;80;9;69;5;20;1;2;1;3;0
2019-09-05;117;56;1;40;3;12;4;0;0;2;0
2019-09-06;143;124;0;26;7;9;15;0;2;1;0
2019-09-07;53;39;8;14;16;5;6;0;1;1;0
2019-09-08;88;31;1;12;1;20;1;0;3;1;0
2019-09-09;310;82;17;74;3;27;6;3;2;1;0
2019-09-10;408;120;28;77;5;18;2;0;1;1;0
2019-09-11;265;51;22;28;6;20;2;0;0;1;0
2019-09-12;218;11;118;43;0;10;111;4;0;5;0
2019-09-13;318;19;63;64;1;50;30;1;2;12;0
2019-09-14;224;26;19;17;2;113;4;0;7;2;0
2019-09-15;196;32;225;37;2;52;3;0;6;83;0
2019-09-16;219;45;8;72;0;53;1;0;5;20;0
2019-09-17;236;23;1;45;6;20;1;1;2;4;0
2019-09-18;267;22;42;59;3;35;20;1;0;0;0
2019-09-19;323;87;6;110;4;106;4;1;2;5;2
2019-09-20;2315;92;221;490;11;443;12;1;5;6;0
2019-09-21;1290;71;15;459;1;112;6;0;3;1;2
2019-09-22;196;14;2;108;2;44;2;0;1;1;1
2019-09-23;331;19;10;65;2;48;2;2;0;0;2
2019-09-24;376;23;3;49;4;61;3;1;1;1;0
2019-09-25;987;33;5;68;7;78;3;1;3;1;0
2019-09-26;494;48;8;79;8;43;4;8;0;0;0
2019-09-27;486;48;3;95;10;73;1;6;2;1;0
2019-09-28;108;16;6;27;1;20;2;1;1;1;0
2019-09-29;151;88;2;26;4;22;10;1;0;1;0
2019-09-30;285;57;11;90;1;42;11;10;28;2;0
2019-10-01;514;43;5;86;0;48;10;5;7;0;0
2019-10-02;233;67;14;34;5;80;0;12;0;12;0
2019-10-03;182;242;3;43;10;79;1;3;0;4;0
2019-10-04;121;84;0;44;8;34;12;1;1;0;0
2019-10-05;194;169;2;51;0;31;9;0;0;0;1
2019-10-06;135;42;12;53;2;24;11;0;0;0;0
2019-10-07;131;64;24;53;3;21;8;0;0;7;0
2019-10-08;126;100;22;68;25;28;4;0;4;4;4
2019-10-09;106;37;10;48;10;145;8;6;1;0;1
2019-10-10;77;72;20;48;5;125;7;8;3;1;0
2019-10-11;167;33;6;71;2;57;13;1;0;1;0
2019-10-12;36;8;2;13;5;5;2;0;2;0;1
2019-10-14;77;32;16;48;1;7;3;3;0;0;0
2019-10-15;403;59;72;44;21;77;16;7;6;3;0
2019-10-16;211;52;32;23;5;42;3;2;4;1;1
2019-10-17;1247;91;40;83;9;179;24;2;4;3;2
2019-10-18;260;43;33;61;24;60;15;0;6;4;0
2019-10-19;158;21;2;27;1;32;1;0;1;8;1
2019-10-20;39;25;0;2;2;4;4;0;0;1;0
2019-10-21;306;29;12;40;1;24;3;0;1;2;0
2019-10-22;128;45;64;39;9;26;3;0;8;9;0
2019-10-23;126;38;78;28;3;16;16;1;11;2;0
2019-10-24;1513;58;39;17;5;26;2;3;5;0;0
2019-10-25;232;58;7;75;4;44;6;0;10;0;0
2019-10-26;214;5;14;8;0;73;6;0;0;0;0
2019-10-27;94;19;0;9;1;20;5;1;0;10;0
2019-10-28;96;40;23;38;3;46;5;3;1;1;1
2019-10-29;137;33;7;34;0;15;5;1;3;0;0
2019-10-30;176;64;7;56;5;54;3;1;2;0;0
2019-10-31;320;75;16;45;3;34;2;5;5;0;0
2019-11-01;31;19;4;5;3;4;14;2;3;0;0
2019-11-02;478;6;0;11;2;7;1;0;1;0;0
2019-11-03;160;9;9;13;1;6;1;0;1;0;0
2019-11-04;78;69;7;41;1;11;0;2;1;0;0
2019-11-05;59;29;9;9;0;10;1;2;8;0;0
2019-11-06;99;34;5;25;0;40;1;1;6;1;0
2019-11-07;150;52;3;29;2;59;12;0;0;2;0
2019-11-08;224;38;11;33;7;32;9;0;0;0;0
2019-11-09;74;7;0;22;2;3;4;3;0;0;0
2019-11-10;28;12;0;7;3;3;25;0;0;0;0
2019-11-11;1817;25;60;29;2;33;2;0;0;3;0
2019-11-12;522;53;15;32;2;44;4;3;2;0;0
2019-11-13;402;84;138;134;10;144;5;0;1;3;0
2019-11-14;187;74;40;84;3;38;9;4;4;5;0
2019-11-15;549;35;58;21;3;56;8;0;0;2;3
2019-11-16;200;25;28;10;2;28;2;0;0;0;0
2019-11-17;48;4;1;3;0;6;5;0;0;0;0
2019-11-18;160;49;13;20;0;61;9;5;2;5;0
2019-11-19;64;40;1;12;4;61;2;7;0;2;0
2019-11-20;122;33;7;21;1;41;8;2;1;0;0
2019-11-21;93;26;37;28;0;29;2;0;0;4;0
2019-11-22;262;61;19;48;32;67;6;1;1;8;0
2019-11-23;188;23;11;15;28;44;5;0;0;0;0
2019-11-24;63;7;2;2;1;11;4;1;0;0;0
2019-11-25;111;14;2;24;9;12;4;3;1;1;0
2019-11-26;340;19;3;29;3;24;9;3;0;5;0
2019-11-27;834;29;9;25;3;103;18;0;1;0;0
2019-11-28;681;34;14;14;2;40;2;0;2;0;0
2019-11-29;234;68;5;50;3;21;3;3;0;1;0
2019-11-30;120;32;0;10;0;32;3;0;0;6;1
2019-12-01;96;19;1;10;4;17;6;0;0;3;0
2019-12-02;80;43;5;26;1;26;5;7;1;5;0
2019-12-03;92;41;6;17;4;20;0;1;1;1;0
2019-12-04;224;45;27;19;2;38;9;0;1;10;0
2019-12-05;65;29;11;12;1;20;1;0;1;4;0
2019-12-06;101;28;33;12;368;16;3054;2;0;1;0
2019-12-07;84;33;7;8;3819;6;5323;0;0;1;0
2019-12-08;65;22;0;4;905;5;963;0;0;0;0
2019-12-09;25;5;43;1;55;2;62;0;0;1;0
2019-12-10;100;28;60;2;14;7;21;0;0;1;0
2019-12-11;107;40;30;9;3;13;4;0;0;1;1
2019-12-12;72;29;3;8;2;6;3;0;0;1;0
2019-12-13;78;24;58;33;6;36;3;3;1;1;2
2019-12-14;82;12;5;1;2;16;5;1;1;3;0
2019-12-15;707;36;2;4;3;6;4;2;0;1;0
2019-12-16;1523;23;12;10;2;7;4;2;2;1;0
2019-12-17;189;21;25;16;2;8;3;0;3;1;0
2019-12-18;115;23;3;8;7;20;2;3;0;0;2
2019-12-19;166;28;17;13;7;12;3;8;4;3;0
2019-12-20;155;43;28;14;4;8;4;2;6;6;0
2019-12-21;56;20;11;8;18;11;0;0;2;5;0
2019-12-22;53;25;39;6;16;4;1;0;1;0;0
2019-12-23;49;19;20;7;2;2;1;0;0;0;0
2019-12-24;20;21;16;3;1;2;1;0;0;0;0
2019-12-25;9;4;1;1;0;0;4;0;0;0;0
2019-12-26;13;15;3;4;2;1;1;0;2;0;0
2019-12-27;75;16;12;5;5;6;3;0;6;0;0
2019-12-28;225;16;0;5;2;4;2;1;21;1;0
2019-12-29;160;18;98;2;2;25;0;0;7;0;0
2019-12-30;73;12;12;3;3;11;2;0;1;0;0
2019-12-31;22;19;1;3;2;3;3;0;0;0;0
2020-01-01;9;2;1;3;1;0;5;0;5;0;0
2020-01-02;52;18;4;1;1;4;3;0;1;1;0
2020-01-03;40;11;11;2;2;2;1;0;1;4;0
2020-01-04;20;19;1;3;1;1;1;1;0;1;0
2020-01-05;41;18;0;0;5;5;0;2;0;0;0
2020-01-06;23;5;8;3;2;0;1;0;0;1;0
2020-01-07;34;19;8;2;5;3;0;0;1;0;0
2020-01-08;93;15;28;3;2;14;2;4;2;1;0
2020-01-09;83;77;2;12;0;13;4;2;1;0;0
2020-01-10;82;69;2;8;0;28;1;0;1;0;0
2020-01-11;34;24;12;2;0;9;4;0;0;0;0
2020-01-12;18;14;12;2;2;0;3;0;0;1;0
2020-01-13;522;38;20;9;2;10;10;0;17;1;0
2020-01-14;171;29;57;16;2;7;4;0;2;0;0
2020-01-15;126;45;5;6;1;10;4;3;0;0;0
2020-01-16;117;23;10;8;1;6;4;11;1;0;0
2020-01-17;81;20;18;22;3;16;2;0;0;0;0
2020-01-18;22;6;1;2;1;6;2;0;1;0;0
2020-01-19;11;17;2;0;2;2;0;2;13;0;0
2020-01-20;79;20;29;4;1;18;20;2;0;0;0
2020-01-21;70;24;78;15;1;18;18;0;0;0;0
2020-01-22;181;28;23;5;1;32;8;3;1;0;0
2020-01-23;109;40;28;9;1;17;40;2;0;1;1
2020-01-24;172;124;139;13;3;16;15;0;3;2;2
2020-01-25;19;52;7;5;5;4;7;2;1;0;2
2020-01-26;21;6;5;2;2;3;3;0;0;0;0
2020-01-27;34;12;2;5;1;4;6;2;0;0;1
2020-01-28;71;39;7;14;0;8;21;0;0;0;5
2020-01-29;69;53;26;26;3;13;6;1;1;2;2
2020-01-30;85;37;22;12;3;12;3;3;1;0;3
2020-01-31;55;24;3;22;3;9;5;0;1;0;7
2020-02-01;34;16;0;6;4;4;3;0;0;1;22
2020-02-02;22;22;0;7;0;5;7;0;1;0;25
2020-02-03;62;25;22;16;1;2;3;0;0;0;8
2020-02-04;39;32;9;9;3;1;1;0;3;1;27
2020-02-05;89;21;9;6;0;7;0;1;0;0;8
2020-02-06;44;25;3;23;5;6;8;4;0;24;5
2020-02-07;27;13;0;16;2;4;2;4;0;4;7
2020-02-08;25;7;7;2;0;1;10;0;2;1;0
2020-02-09;15;1;0;5;1;0;1;0;0;0;2
2020-02-10;47;22;8;3;2;7;4;2;0;2;2
2020-02-11;50;30;8;8;4;15;4;0;0;2;4
2020-02-12;39;23;8;7;1;6;1;4;2;0;1
2020-02-13;37;14;24;18;3;19;2;0;0;0;5
2020-02-14;30;29;6;21;3;6;2;0;0;0;0
2020-02-15;18;15;3;4;3;4;4;0;1;1;3
2020-02-16;12;25;0;2;4;4;6;0;0;1;4
2020-02-17;76;51;15;31;5;4;2;0;0;0;2
2020-02-18;150;58;34;32;1;43;7;0;0;1;6
2020-02-19;130;51;36;8;2;17;1;6;0;0;2
2020-02-20;91;72;21;25;0;54;5;1;1;0;0
2020-02-21;95;27;11;15;0;21;5;2;1;0;2
2020-02-22;28;16;7;28;1;3;7;0;0;0;4
2020-02-23;64;7;40;7;3;2;4;0;0;0;3
2020-02-24;126;11;28;39;2;8;2;1;1;0;9
2020-02-25;52;19;1;14;3;6;3;6;0;0;32
2020-02-26;41;38;2;16;4;42;4;5;0;0;290
2020-02-27;35;22;7;8;3;3;15;2;1;0;71
2020-02-28;35;40;3;15;4;6;10;0;0;0;54
2020-02-29;32;41;9;2;0;6;4;0;0;1;22
2020-03-01;99;25;0;7;1;3;1;0;2;0;36
2020-03-02;61;32;38;9;1;4;6;1;3;0;41
2020-03-03;38;121;7;14;4;24;3;0;0;0;116
2020-03-04;84;30;7;54;7;40;4;3;0;1;71
2020-03-05;51;42;6;65;3;33;1;7;1;1;119
2020-03-06;131;35;37;41;6;10;104;9;0;0;158
2020-03-07;39;22;2;2;1;6;45;3;0;0;78
2020-03-08;19;25;6;3;1;19;15;3;0;0;48
2020-03-09;111;32;12;52;2;57;6;4;0;2;448
2020-03-10;303;22;17;80;8;158;3;2;0;0;1581
2020-03-11;76;26;8;19;1;40;8;6;2;0;2665
2020-03-12;49;16;6;14;5;29;7;0;1;1;2105
2020-03-13;58;10;0;5;5;9;3;14;0;0;525
2020-03-14;28;1;0;9;1;7;4;4;0;0;325
2020-03-15;19;6;12;8;3;7;6;0;1;0;198
2020-03-16;245;6;39;19;11;3406;12;57;8;0;25431
2020-03-17;35;3;16;7;2;138;13;31;1;0;5271
2020-03-18;89;26;1;1;26;21;4;13;1;0;408
2020-03-19;23;1;8;25;10;4;15;6;2;0;201
2020-03-20;40;8;2;1;0;9;2;10;2;0;174
2020-03-21;33;4;1;1;0;17;3;7;0;0;194
2020-03-22;28;2;2;3;0;282;1;4;0;0;128
2020-03-23;46;13;0;1;6;56;8;2;0;2;283
2020-03-24;32;6;13;1;1;7;0;2;0;0;176
2020-03-25;32;67;10;2;0;6;7;0;0;2;239
2020-03-26;106;10;0;7;1;9;2;0;0;0;138
2020-03-27;111;1;1;0;2;17;0;1;0;0;102
2020-03-28;19;1;0;1;0;3;0;0;0;0;93
2020-03-29;18;0;1;0;0;5;2;1;0;1;137
2020-03-30;131;2;4;9;1;2;27;0;3;5;399
2020-03-31;254;5;3;11;5;8;16;0;3;1;207
2020-04-01;75;7;2;0;0;3;3;0;0;0;58
2020-04-02;55;4;11;6;3;3;12;1;0;1;103
2020-04-03;363;0;34;1;0;2;8;0;0;1;609
2020-04-04;18;3;0;1;0;2;4;0;0;1;62
2020-04-05;12;0;0;3;0;3;1;1;0;0;71
2020-04-06;32;1;27;0;0;8;1;1;0;1;75
2020-04-07;14;0;0;17;0;17;2;1;0;1;73
2020-04-08;12;4;4;9;0;9;6;0;0;1;190
2020-04-09;9;3;0;0;0;3;0;0;0;0;70
2020-04-10;24;3;0;18;1;25;3;0;0;1;156
2020-04-11;21;6;0;28;0;5;2;0;0;1;257
2020-04-12;46;6;0;8;0;4;3;2;1;2;690
2020-04-13;166;21;8;4;1;27;8;0;3;1;4316
2020-04-14;27;2;15;2;2;6;3;1;24;0;448
2020-04-15;24;2;0;2;0;3;6;0;2;0;366
2020-04-16;19;4;1;1;0;8;7;0;1;0;453
2020-04-17;32;1;0;0;1;14;0;0;1;0;112
2020-04-18;17;7;0;0;0;5;1;0;1;0;51
2020-04-19;6;1;0;0;1;0;0;1;0;0;37
2020-04-20;23;8;0;5;2;7;1;0;0;0;39
2020-04-21;29;4;4;2;0;15;13;0;1;0;110
2020-04-22;17;3;0;1;0;10;1;0;0;0;41
2020-04-23;19;7;1;0;1;6;0;1;2;0;48
2020-04-24;29;0;1;1;0;3;0;0;0;0;62
2020-04-25;14;0;1;1;0;5;0;1;0;0;30
2020-04-26;34;0;0;1;0;5;1;0;0;0;38
2020-04-27;393;3;0;1;1;28;6;1;2;0;148
2020-04-28;413;3;12;3;0;5;0;4;0;0;49
2020-04-29;75;4;0;3;1;39;4;0;1;0;59
2020-04-30;36;1;3;1;0;19;0;2;0;0;142
2020-05-01;19;0;1;0;1;6;0;0;0;0;42
2020-05-02;22;1;0;10;1;4;9;2;0;0;75
2020-05-03;46;7;0;0;0;9;4;0;52;0;347
2020-05-04;113;5;9;4;0;5;2;0;0;0;553
2020-05-05;45;3;7;4;1;6;0;1;1;0;158
2020-05-06;35;2;49;0;0;6;0;0;1;0;98
2020-05-07;24;14;0;1;0;7;2;1;1;0;121
2020-05-08;38;0;0;5;1;2;1;3;0;0;148
2020-05-09;48;23;0;1;0;16;28;2;0;0;81
2020-05-10;21;17;0;2;0;65;7;4;2;0;63
2020-05-11;78;1;1;3;1;32;5;6;4;1;1757
2020-05-12;57;15;1;0;3;40;2;1;3;0;381
2020-05-13;66;18;0;8;0;28;2;0;1;6;159
2020-05-14;35;13;8;4;0;11;1;4;2;1;162
2020-05-15;27;5;0;3;0;9;3;2;1;0;229
2020-05-16;33;3;0;2;0;6;6;0;41;0;540
2020-05-17;16;2;0;0;1;2;1;0;1;0;55
2020-05-18;562;9;25;3;1;20;2;3;2;0;762
2020-05-19;104;11;0;2;0;9;2;1;1;1;143
2020-05-20;41;17;1;5;1;63;3;0;0;0;97
2020-05-21;50;11;1;2;0;30;0;2;0;0;65
2020-05-22;30;5;0;30;1;4;1;18;0;0;65
2020-05-23;21;3;0;5;2;7;1;5;1;1;25
2020-05-24;7;1;0;4;1;3;0;0;0;1;27
2020-05-25;328;23;3;312;3;274;7;7;15;0;871
2020-05-26;95;5;1;31;0;67;4;2;0;2;823
2020-05-27;164;14;6;33;0;42;3;1;1;0;537
2020-05-28;51;8;1;4;0;12;4;0;1;7;162
2020-05-29;92;23;11;8;0;68;1;0;0;0;145
2020-05-30;21;10;2;3;0;16;1;1;0;0;52
2020-05-31;90;7;84;1;0;32;12;0;0;22;67
2020-06-01;80;7;0;11;0;33;1;25;0;13;140
2020-06-02;762;18;59;11;0;51;1;22;0;0;181
2020-06-03;820;6;11;5;0;115;1;11;0;3;98
2020-06-04;128;7;5;7;0;19;0;7;1;0;111
2020-06-05;180;7;11;0;4;16;1;10;0;1;346
2020-06-06;97;6;4;3;0;36;0;9;1;2;139
2020-06-07;45;0;2;3;1;52;1;10;2;1;162
2020-06-08;148;5;3;4;1;75;7;17;0;1;229
2020-06-09;54;2;0;9;0;29;2;15;0;0;123
2020-06-10;22;2;7;4;0;13;2;13;1;0;114
2020-06-11;100;4;91;6;0;26;2;7;0;0;116
2020-06-12;16;1;12;1;0;6;0;9;0;2;38
2020-06-13;32;45;0;1;0;14;1;10;0;0;54
2020-06-14;68;8;0;9;0;6;0;1;0;0;284
2020-06-15;173;14;0;4;0;11;3;5;2;0;87
2020-06-16;81;18;10;4;0;16;1;5;2;0;176
2020-06-17;37;6;2;4;1;10;0;1;0;0;65
2020-06-18;35;4;4;2;0;6;7;3;0;0;143
2020-06-19;34;5;7;8;1;26;3;0;1;0;67
2020-06-20;38;5;0;3;0;16;3;1;1;0;39
2020-06-21;11;6;0;3;1;5;2;13;0;0;38
2020-06-22;136;6;24;39;1;22;0;5;4;0;123
2020-06-23;35;16;2;24;1;15;3;4;1;1;52
2020-06-24;24;4;4;9;1;4;1;0;0;0;36
2020-06-25;29;4;15;24;1;10;1;0;0;2;66
2020-06-26;62;4;13;8;0;6;16;1;1;11;53
2020-06-27;21;3;1;5;0;0;4;0;0;1;17
2020-06-28;10;1;0;6;0;1;3;0;0;0;25
2020-06-29;43;4;16;18;1;6;1;1;2;0;43
2020-06-30;57;6;17;7;4;0;2;2;0;1;117
2020-07-01;174;3;2;15;0;11;1;2;0;0;87
2020-07-02;97;4;0;22;0;28;34;0;0;0;49
2020-07-03;138;58;6;7;1;27;10;0;0;0;74
2020-07-04;99;15;0;8;1;44;10;0;0;0;282
2020-07-05;24;9;0;32;0;25;3;2;0;1;127
2020-07-06;77;13;2;21;1;30;16;7;1;1;215
2020-07-07;210;16;11;27;3;43;3;7;0;0;319
2020-07-08;928;31;0;34;1;726;8;1;0;0;177
2020-07-09;1941;30;17;67;1;1442;1;4;4;1;1270
2020-07-10;544;24;7;48;0;203;2;1;0;0;339
2020-07-11;181;19;0;19;1;78;1;0;1;1;201
2020-07-12;45;2;0;14;2;26;1;1;2;0;86
2020-07-13;192;4;7;43;0;161;3;0;17;0;256
2020-07-14;200;25;3;19;1;122;19;1;7;0;289
2020-07-15;325;16;13;40;1;169;7;3;0;0;363
2020-07-16;479;39;3;39;0;85;1;0;1;1;291
2020-07-17;429;47;16;24;1;142;2;0;0;0;384
2020-07-18;70;1;0;7;2;6;3;2;1;0;83
2020-07-19;116;12;0;8;0;28;7;0;1;0;48
2020-07-20;594;19;13;53;3;296;2;2;0;0;808
2020-07-21;143;5;13;11;1;67;2;1;1;0;186
2020-07-22;138;6;3;53;1;101;1;1;0;0;196
2020-07-23;267;19;35;48;0;91;7;1;0;1;1395
2020-07-24;322;5;18;78;2;77;5;1;10;0;647
2020-07-25;105;3;10;34;0;71;0;0;1;0;160
2020-07-26;150;4;8;9;0;79;0;0;0;0;137
2020-07-27;1180;4;14;74;1;1574;8;3;0;1;1313
2020-07-28;267;9;3;29;2;337;2;15;2;0;991
2020-07-29;136;9;0;20;1;118;9;1;0;1;125
2020-07-30;137;7;2;17;1;196;5;2;0;0;618
2020-07-31;200;11;5;28;0;243;9;0;0;0;513
2020-08-01;284;1;2;24;1;233;4;1;1;0;207
2020-08-02;258;8;5;49;2;207;2;0;1;0;98
2020-08-03;331;15;1;21;0;114;3;0;0;0;775
2020-08-04;197;11;10;10;0;119;2;0;0;0;233
2020-08-05;683;54;25;104;6;309;10;1;11;2;634
2020-08-06;479;10;16;70;1;207;1;1;0;0;347
2020-08-07;1097;63;2;120;2;343;4;1;2;0;1836
2020-08-08;402;39;6;66;3;116;1;0;1;1;498
2020-08-09;369;10;0;36;0;99;4;0;1;2;732
2020-08-10;653;50;9;16;1;199;5;0;0;62;1643
2020-08-11;681;40;30;24;0;239;2;1;4;93;806
2020-08-12;405;29;16;13;0;120;2;1;0;7;351
2020-08-13;321;9;5;32;1;232;2;1;0;0;229
2020-08-14;345;11;1;34;1;268;3;0;0;1;330
2020-08-15;142;26;7;19;0;313;1;0;1;1;772
2020-08-16;159;14;0;4;0;190;0;1;0;3;167
2020-08-17;1552;95;10;10;1;551;2;1;3;1;442
2020-08-18;492;23;97;10;0;246;2;0;1;0;145
2020-08-19;123;4;5;2;1;60;0;0;0;0;344
2020-08-20;342;6;2;14;2;64;3;1;1;2;240
2020-08-21;356;5;44;15;0;113;16;0;0;5;268
2020-08-22;259;3;7;5;17;349;11;1;0;0;372
2020-08-23;430;3;7;36;8;107;4;1;0;2;135
2020-08-24;973;12;57;28;3;328;2;0;0;15;559
2020-08-25;1911;9;13;36;0;1621;8;0;1;0;1371
2020-08-26;451;4;1;11;1;512;2;1;1;3;375
2020-08-27;297;20;8;24;1;253;0;0;0;0;397
2020-08-28;566;7;6;94;1;210;4;1;2;0;588
2020-08-29;158;3;1;9;1;212;2;0;0;1;667
2020-08-30;27;11;9;3;0;26;3;2;1;0;195
2020-08-31;55;12;16;6;1;47;2;1;0;0;172
2020-09-01;210;37;2;8;0;84;6;3;10;0;206
2020-09-02;766;18;52;2;2;167;4;1;21;0;710
2020-09-03;244;5;14;14;2;64;5;0;1;0;308
2020-09-04;321;9;11;17;0;150;0;0;2;1;247
2020-09-05;153;1;3;4;4;101;2;1;0;0;232
2020-09-06;52;5;0;1;1;270;1;0;0;1;164
2020-09-07;427;5;11;4;3;134;2;0;0;3;916
2020-09-08;136;26;0;3;1;43;1;0;0;9;183
2020-09-09;162;33;19;17;1;101;1;1;3;1;115
2020-09-10;107;21;0;10;1;36;1;1;1;0;112
2020-09-11;1311;17;22;68;1;115;306;0;3;0;849
2020-09-12;423;13;0;117;3;31;311;0;0;1;230
2020-09-13;241;5;5;20;3;10;14;0;0;2;345
2020-09-14;528;5;7;12;8;294;24;1;4;0;624
2020-09-15;441;19;1;22;3;321;5;0;1;0;516
2020-09-16;229;65;9;35;3;1439;2;0;4;0;959
2020-09-17;362;69;43;37;9;1625;18;0;2;2;922
2020-09-18;1388;59;52;31;4;2683;40;0;4;22;1899
2020-09-19;2149;8;4;10;2;1146;13;3;1;12;673
2020-09-20;616;5;0;7;2;249;17;0;0;4;227
2020-09-21;2719;108;24;25;1;1004;9;0;0;0;512
2020-09-22;2362;42;18;37;6;810;13;5;134;5;1202
2020-09-23;3050;80;1;41;4;529;11;1;68;7;3892
2020-09-24;1834;173;121;44;6;414;46;1;351;8225;2972
