Date;L1;L2;L3;L4;L5;L6;L7;L8;L9;L10
2014-03-20;14;2;3;0;1;5;3;0;32;0
2014-03-21;55;9;46;9;71;46;10;7;77;16
2014-03-22;23;7;7;2;17;23;5;3;108;8
2014-03-23;11;1;6;2;11;4;2;4;4;5
2014-03-24;37;4;13;52;307;32;18;13;13;33
2014-03-25;36;31;11;1;43;11;6;7;35;28
2014-03-26;48;36;68;21;153;111;53;50;72;121
2014-03-27;44;15;50;22;747;38;23;14;65;39
2014-03-28;27;4;5;11;38;12;14;1;23;24
2014-03-29;31;49;3;5;8;37;4;1;15;5
2014-03-30;19;9;0;4;12;14;12;4;9;3
2014-03-31;31;15;49;3;91;40;15;11;25;29
2014-04-01;27;20;6;55;16;23;8;44;6;19
2014-04-02;48;24;19;8;36;47;3;7;22;16
2014-04-03;54;9;11;3;75;23;23;14;30;36
2014-04-04;120;36;20;23;50;85;18;42;39;25
2014-04-05;25;17;8;3;18;12;3;11;96;3
2014-04-06;15;8;10;6;8;12;1;7;7;0
2014-04-07;22;6;46;7;29;112;8;11;22;8
2014-04-08;32;12;21;5;46;72;12;6;35;35
2014-04-09;21;13;20;12;52;25;16;4;32;57
2014-04-10;51;17;11;42;50;96;10;6;11;58
2014-04-11;11;3;3;3;12;15;6;0;7;8
2014-04-21;17;9;4;10;21;17;7;10;21;4
2014-04-22;48;4;5;10;34;34;3;3;16;23
2014-04-23;25;7;7;5;38;19;8;0;4;39
2014-04-24;46;3;26;2;58;24;36;4;2;30
2014-04-25;24;3;15;6;20;27;9;5;20;25
2014-04-26;5;17;4;0;6;12;0;6;2;17
2014-04-27;6;6;3;2;13;7;6;5;2;7
2014-04-28;83;4;18;8;19;14;3;4;3;17
2014-04-29;37;1;14;6;41;22;11;12;10;14
2014-04-30;26;4;11;7;23;17;20;3;16;15
2014-05-01;25;12;22;3;9;3;4;0;6;2
2014-05-02;10;3;1;5;2;4;0;7;1;2
2014-05-03;11;0;1;1;4;3;2;1;10;1
2014-05-04;14;1;2;1;2;9;0;2;5;1
2014-05-05;35;21;17;5;74;14;25;12;15;19
2014-05-06;54;7;34;5;40;42;10;2;24;6
2014-05-07;25;4;0;0;28;26;13;4;15;28
2014-05-08;22;12;3;9;45;30;13;5;20;17
2014-05-09;83;6;30;4;63;39;20;8;13;26
2014-05-10;20;5;10;0;21;22;5;0;5;3
2014-05-11;15;6;4;0;22;7;4;0;7;3
2014-05-12;21;7;3;5;31;33;19;4;16;23
2014-05-13;7;2;1;0;11;29;6;0;14;14
2014-05-14;25;3;2;6;53;12;12;4;15;5
2014-05-15;12;4;0;1;14;7;4;2;3;5
2014-05-16;24;4;4;1;29;48;7;0;40;8
2014-05-17;14;1;17;2;27;11;1;0;7;4
2014-05-18;5;2;5;0;16;14;7;0;3;3
2014-05-19;22;4;5;3;33;33;6;9;12;61
2014-05-20;37;6;5;7;26;36;9;9;4;22
2014-05-21;13;6;24;2;12;22;8;5;24;17
2014-05-22;30;5;13;4;20;22;17;0;13;19
2014-05-23;15;4;3;8;24;11;7;1;22;14
2014-05-24;10;42;1;1;7;21;0;0;4;10
2014-05-25;9;4;21;2;3;15;0;0;2;67
2014-05-26;27;3;5;4;8;30;9;3;13;27
2014-05-27;33;22;0;2;30;14;2;2;11;5
2014-05-28;19;4;6;5;24;19;9;0;20;14
2014-05-29;19;10;1;10;28;28;12;1;8;9
2014-05-30;14;52;1;2;24;11;20;2;9;4
2014-05-31;27;14;1;1;9;6;8;1;18;4
2014-06-01;10;4;0;5;2;5;4;0;3;2
2014-06-02;42;65;12;2;16;12;4;1;10;14
2014-06-03;43;9;10;1;31;14;5;2;15;22
2014-06-04;40;6;29;3;39;12;0;6;17;29
2014-06-05;22;10;2;5;19;11;7;6;2;20
2014-06-06;40;15;15;10;49;24;10;3;37;24
2014-06-07;24;1;0;3;10;49;3;0;8;10
2014-06-08;15;4;0;2;1;11;1;0;2;6
2014-06-09;43;18;5;3;35;24;2;1;14;13
2014-06-10;99;11;8;0;6;31;8;1;15;9
2014-06-11;145;4;5;2;24;20;11;1;25;22
2014-06-12;27;7;14;3;57;22;16;4;29;14
2014-06-13;29;7;0;23;39;28;10;2;5;21
2014-06-14;12;3;0;8;6;31;1;3;0;8
2014-06-15;16;2;0;17;8;3;2;1;1;9
2014-06-16;39;15;14;15;35;38;12;9;20;24
2014-06-17;32;16;6;3;23;26;9;0;72;72
2014-06-18;58;27;25;5;50;66;10;7;15;38
2014-06-19;11;16;15;1;1;10;2;0;6;27
2014-06-20;43;2;4;2;16;29;28;0;17;12
2014-06-21;18;4;8;1;12;8;1;2;1;60
2014-06-22;16;8;3;0;14;12;0;6;9;26
2014-06-23;61;9;5;12;36;76;6;9;36;28
2014-06-24;57;2;16;3;31;52;12;42;11;18
2014-06-25;53;7;13;13;28;58;7;5;6;53
2014-06-26;150;3;16;5;48;66;11;32;15;40
2014-06-27;54;1;9;2;27;33;18;3;19;19
2014-06-28;2;53;0;1;3;29;1;2;55;37
2014-06-29;2;11;1;1;2;8;1;1;7;9
2014-06-30;7;35;15;5;12;42;12;6;13;68
2014-07-01;2;2;1;2;5;7;1;2;0;14
2014-07-02;51;8;8;1;317;50;9;4;7;33
2014-07-03;28;8;21;26;49;45;125;13;4;25
2014-07-04;57;3;2;5;25;39;10;1;18;21
2014-07-06;14;6;0;0;0;5;0;0;0;0
2014-07-07;31;13;5;3;21;38;1;17;9;7
2014-07-08;30;10;16;9;23;113;10;6;11;11
2014-07-09;34;9;8;7;13;43;4;6;12;35
2014-07-10;20;3;8;7;24;41;6;9;10;24
2014-07-11;24;9;0;2;13;60;10;10;8;23
2014-07-12;7;1;0;1;14;10;1;2;0;7
2014-07-13;5;1;0;3;12;9;0;3;2;6
2014-07-14;24;1;0;2;32;44;14;1;9;35
2014-07-15;48;3;14;2;25;40;5;7;10;47
2014-07-16;68;10;7;7;21;19;15;3;20;38
2014-07-17;63;12;12;8;67;71;4;1;15;34
2014-07-18;50;5;5;3;32;19;10;0;24;28
2014-07-19;5;3;1;1;4;6;2;0;1;7
2014-07-20;24;5;3;0;3;10;1;3;26;25
2014-07-21;21;6;18;2;43;28;5;2;13;33
2014-07-22;26;1;12;4;36;33;13;9;0;21
2014-07-23;79;7;6;3;84;58;2;4;8;28
2014-07-24;40;3;1;15;142;38;21;22;78;6
2014-07-25;49;13;5;4;64;8;6;4;18;24
2014-07-26;10;2;4;0;5;14;2;0;5;4
2014-07-27;5;0;3;3;9;3;1;2;3;7
2014-07-28;21;4;10;4;34;47;0;7;20;17
2014-07-29;11;11;8;0;57;24;30;3;13;39
2014-07-30;23;8;11;2;27;20;11;17;3;42
2014-07-31;31;6;3;0;41;18;4;7;10;14
2014-08-01;15;6;9;2;31;34;7;10;9;58
2014-08-02;12;0;1;3;10;19;1;0;16;13
2014-08-03;18;11;0;1;24;40;6;1;15;6
2014-08-04;25;6;5;15;43;35;35;4;19;45
2014-08-05;60;11;7;15;77;30;2;6;15;40
2014-08-06;14;9;20;10;30;49;5;2;10;29
2014-08-07;26;9;4;24;33;32;0;2;8;40
2014-08-08;19;9;20;9;27;13;4;2;24;15
2014-08-09;25;0;2;8;6;2;17;2;6;3
2014-08-10;12;2;2;9;11;1;5;0;5;15
2014-08-11;42;13;10;10;23;40;13;2;12;24
2014-08-12;42;6;10;1;36;16;14;2;5;20
2014-08-13;33;0;34;18;35;34;17;0;7;15
2014-08-14;25;2;6;15;47;81;14;9;4;13
2014-08-15;9;1;3;0;5;29;4;0;3;4
2014-08-16;0;3;0;1;2;7;4;0;3;4
2014-08-17;2;2;5;1;1;15;5;0;1;5
2014-08-18;31;5;6;4;69;17;13;6;5;28
2014-08-19;15;0;7;14;9;18;13;0;2;16
2014-08-20;11;10;0;1;8;5;8;0;3;18
2014-08-21;22;6;17;6;21;24;4;7;5;15
2014-08-22;15;3;11;1;15;29;7;17;7;201
2014-08-23;4;5;6;7;4;14;3;2;2;17
2014-08-24;0;7;1;1;7;10;0;0;0;4
2014-08-25;58;4;11;13;19;25;6;3;18;49
2014-08-26;38;5;20;6;25;31;23;12;5;35
2014-08-27;52;19;15;0;45;53;1;9;5;36
2014-08-28;32;2;24;7;32;153;2;0;5;38
2014-08-29;25;13;18;5;33;29;1;0;5;16
2014-08-30;6;3;1;1;7;12;2;0;3;1
2014-08-31;13;2;0;8;4;10;2;0;2;20
2014-09-01;88;6;10;2;48;28;8;0;4;65
2014-09-02;16;15;12;3;25;19;6;3;9;24
2014-09-03;25;11;16;3;32;9;7;3;23;20
2014-09-04;61;3;4;7;238;5;7;1;6;22
2014-09-05;55;0;2;1;9;29;6;0;12;27
2014-09-06;18;0;13;0;18;1;7;0;8;13
2014-09-07;21;7;4;2;9;1;21;0;1;5
2014-09-08;14;13;18;6;45;13;6;7;3;14
2014-09-09;22;6;46;7;33;32;8;0;9;12
2014-09-10;68;10;12;1;30;20;4;3;8;9
2014-09-11;21;11;12;0;8;18;7;1;13;3
2014-09-12;19;10;7;4;29;35;7;0;28;20
2014-09-13;13;5;0;7;8;7;1;1;7;7
2014-09-14;9;4;6;5;14;6;0;0;8;1
2014-09-15;22;6;25;10;16;8;5;0;8;22
2014-09-16;37;42;30;11;359;32;10;1;8;22
2014-09-17;28;5;4;5;163;33;2;0;5;14
2014-09-18;27;16;19;6;88;30;15;1;32;24
2014-09-19;30;2;8;1;46;53;8;3;27;8
2014-09-20;17;1;16;4;16;15;1;0;7;8
2014-09-21;18;5;5;4;6;13;1;60;2;1
2014-09-22;35;4;1;7;56;22;8;24;18;12
2014-09-23;43;16;3;20;25;32;14;4;12;10
2014-09-24;55;8;0;31;10;31;10;4;69;14
2014-09-25;29;3;1;7;14;26;0;3;33;6
2014-09-26;43;18;15;3;65;47;1;3;22;20
2014-09-27;8;2;1;0;9;9;7;2;13;4
2014-09-28;63;0;12;2;5;6;13;0;4;2
2014-09-29;16;4;9;114;17;23;3;0;6;3
2014-09-30;17;7;12;5;11;18;12;1;3;8
2014-10-01;101;6;19;28;34;3;19;2;15;5
2014-10-02;8;0;1;2;46;57;4;2;61;28
2014-10-03;13;6;1;13;12;34;14;12;8;8
2014-10-04;25;1;9;10;4;12;7;2;5;2
2014-10-05;7;7;11;1;3;2;3;0;7;5
2014-10-06;14;5;7;0;15;11;1;1;15;17
2014-10-07;13;1;6;3;15;31;12;2;4;94
2014-10-08;37;4;7;1;6;26;11;7;10;17
2014-10-09;49;14;35;13;157;48;6;2;26;19
2014-10-10;98;7;29;25;60;227;28;3;299;54
2014-10-11;32;1;13;11;13;65;1;1;117;4
2014-10-12;94;2;21;4;10;37;16;0;37;0
2014-10-13;20;9;7;26;30;64;6;2;39;6
2014-10-14;8;43;29;13;41;21;9;1;29;35
2014-10-15;15;4;8;1;22;33;8;0;3;8
2014-10-16;46;4;10;10;91;42;7;27;31;24
2014-10-17;121;2;18;8;20;94;16;8;14;16
2014-10-18;11;0;3;3;7;11;10;8;5;8
2014-10-19;13;3;32;4;13;15;1;1;5;13
2014-10-20;78;32;10;1;14;40;23;7;161;15
2014-10-21;111;26;10;3;19;38;26;6;39;13
2014-10-22;35;12;3;8;32;35;10;0;13;2
2014-10-23;22;4;0;2;16;11;12;0;3;15
2014-10-24;15;8;10;0;35;103;5;13;78;23
2014-10-25;7;0;18;6;3;15;31;3;8;9
2014-10-26;7;0;14;0;16;1;2;1;1;4
2014-10-27;50;11;10;3;21;19;6;1;14;21
2014-10-28;113;1;21;4;114;40;20;14;102;183
2014-10-29;41;8;10;4;26;105;13;2;117;57
2014-10-30;203;9;7;3;13;14;2;0;46;12
2014-10-31;38;2;4;3;12;23;3;0;16;19
2014-11-01;26;8;7;7;7;12;0;1;4;22
2014-11-02;31;3;8;0;27;5;14;0;4;14
2014-11-03;32;1;18;0;35;36;27;1;4;31
2014-11-04;54;5;8;8;17;41;24;2;9;22
2014-11-05;80;5;10;7;28;20;9;2;17;39
2014-11-06;33;0;21;4;22;20;5;0;4;12
2014-11-07;6;6;5;2;21;11;4;1;7;5
2014-11-09;4;0;0;0;2;1;3;0;0;0
2014-11-10;19;19;5;2;8;8;5;1;1;1
2014-11-11;76;13;25;5;27;62;9;2;2;3
2014-11-12;16;1;20;0;188;35;9;7;15;4
2014-11-13;100;11;23;5;34;29;24;0;3;41
2014-11-14;50;1;9;5;18;63;17;18;38;28
2014-11-15;10;3;1;3;11;13;1;3;8;7
2014-11-16;5;2;4;0;12;11;1;3;6;1
2014-11-17;47;3;16;7;28;38;7;3;26;22
2014-11-18;23;0;25;11;23;42;7;5;27;19
2014-11-19;61;3;16;1;47;42;9;4;15;88
2014-11-20;37;10;1;1;47;64;5;1;2;35
2014-11-21;29;0;18;3;34;9;6;1;2;18
2014-11-22;5;4;8;2;11;6;5;3;8;6
2014-11-23;32;2;18;0;9;10;4;3;1;2
2014-11-24;34;6;12;5;111;24;14;6;15;10
2014-11-25;7;13;6;5;35;49;4;1;44;24
2014-11-26;7;4;3;3;62;30;2;5;9;8
2014-11-27;15;3;6;3;53;13;2;4;15;1
2014-11-28;25;6;19;5;11;29;2;1;20;8
2014-11-29;19;3;3;0;9;3;1;1;11;3
2014-11-30;14;2;2;1;3;2;2;0;7;2
2014-12-01;13;0;12;6;49;59;4;3;16;17
2014-12-02;13;2;4;5;48;20;4;4;16;12
2014-12-03;30;5;24;2;18;42;10;2;24;10
2014-12-04;12;0;27;0;21;20;10;4;18;8
2014-12-05;32;12;12;3;16;57;7;2;35;5
2014-12-06;37;6;3;1;9;20;1;5;9;0
2014-12-07;28;5;4;1;24;17;1;0;2;1
2014-12-08;75;1;1;0;16;8;1;2;2;2
2014-12-09;12;6;3;0;366;36;3;4;4;5
2014-12-10;55;7;2;0;196;20;6;1;2;9
2014-12-11;46;5;2;22;39;20;4;0;35;6
2014-12-12;1;0;0;1;9;8;0;0;3;0
2014-12-13;5;0;2;2;11;4;0;0;1;2
2014-12-14;6;0;4;8;6;6;5;1;3;3
2014-12-15;14;5;25;2;59;22;18;5;2;3
2014-12-16;31;12;17;0;69;27;5;12;5;13
2014-12-17;24;0;13;2;19;30;7;4;10;22
2014-12-18;10;6;11;10;22;26;4;0;7;28
2014-12-19;13;13;3;131;83;10;2;2;5;64
2014-12-20;21;3;1;5;13;10;0;0;4;12
2014-12-21;38;12;0;1;13;6;1;0;4;8
2014-12-22;3;8;0;12;45;15;0;1;14;68
2014-12-23;94;11;7;8;46;20;2;0;7;3
2014-12-24;9;11;3;1;12;8;2;0;3;2
2014-12-25;9;2;5;2;5;3;1;1;3;4
2014-12-26;29;2;3;1;12;1;1;1;2;2
2014-12-27;15;5;3;0;7;2;7;2;8;12
2014-12-28;4;7;6;0;1;3;16;57;4;3
2014-12-29;18;0;17;2;15;7;2;2;7;13
2014-12-30;10;0;4;0;12;1;9;10;2;24
2014-12-31;3;1;53;3;15;5;2;4;2;5
2015-01-01;4;0;1;1;4;4;0;0;3;1
2015-01-02;21;3;0;0;20;58;5;1;3;5
2015-01-03;13;0;4;5;3;6;2;0;2;5
2015-01-04;14;0;4;3;4;3;0;6;1;9
2015-01-05;2;0;0;3;3;5;0;4;1;7
2015-01-06;6;2;4;0;1;5;7;6;6;3
2015-01-07;7;9;25;0;10;25;3;1;10;1
2015-01-08;48;9;1;33;22;210;3;188;18;192
2015-01-09;14;0;3;3;12;16;4;2;6;6
2015-01-10;7;81;8;6;2;6;0;4;7;13
2015-01-11;59;0;5;1;0;7;2;0;0;35
2015-01-12;35;3;22;11;19;31;9;0;15;4
2015-01-13;11;15;17;3;43;86;17;6;22;12
2015-01-14;13;1;14;3;25;24;1;7;23;18
2015-01-15;9;8;6;15;28;39;1;7;24;5
2015-01-16;17;1;0;1;33;8;1;0;7;3
2015-01-17;23;6;6;0;2;10;2;1;4;6
2015-01-18;13;2;2;0;4;7;0;0;3;13
2015-01-19;17;0;8;5;24;21;2;1;9;7
2015-01-20;5;0;2;13;7;3;2;3;5;8
2015-01-21;17;3;3;16;15;42;4;2;277;7
2015-01-22;14;8;7;11;35;20;29;2;19;0
2015-01-23;12;3;6;2;36;46;7;0;21;13
2015-01-24;10;1;5;2;5;10;2;0;7;20
2015-01-25;23;2;12;1;26;3;1;0;4;8
2015-01-26;21;5;7;1;450;18;17;2;18;4
2015-01-27;58;3;4;3;63;28;1;6;7;3
2015-01-28;19;5;8;7;39;35;14;14;31;3
2015-01-29;12;3;5;8;15;34;37;29;9;12
2015-01-30;12;0;6;8;21;8;2;17;8;7
2015-01-31;29;5;1;1;19;2;1;1;4;13
2015-02-01;10;1;1;1;9;12;1;2;1;4
2015-02-02;35;18;10;10;372;59;13;2;13;1
2015-02-03;33;8;21;7;40;12;10;0;4;8
2015-02-04;22;4;11;7;166;17;6;0;86;5
2015-02-05;15;10;9;7;99;10;1;2;19;56
2015-02-06;16;4;4;3;333;52;57;1;13;10
2015-02-07;34;1;5;2;46;82;1;5;5;5
2015-02-08;13;0;0;2;4;26;0;2;35;3
2015-02-09;19;4;4;65;31;20;6;2;9;19
2015-02-10;5;3;7;34;83;7;5;7;6;13
2015-02-11;37;7;9;16;283;36;1;3;5;12
2015-02-12;15;1;5;6;126;21;1;8;7;11
2015-02-13;40;0;3;5;11;5;6;1;3;10
2015-02-14;21;7;0;1;13;90;2;2;0;5
2015-02-15;10;3;12;0;8;63;0;2;6;4
2015-02-16;22;4;49;5;33;57;15;0;22;39
2015-02-17;88;2;8;7;13;28;13;0;8;4
2015-02-18;10;3;11;6;53;48;9;3;8;89
2015-02-19;22;23;21;5;60;26;5;5;24;65
2015-02-20;24;51;13;1;33;7;3;2;15;17
2015-02-21;13;0;2;5;24;4;1;0;5;11
2015-02-22;13;2;0;2;30;3;7;3;0;6
2015-02-23;30;2;15;2;32;21;1;7;5;9
2015-02-24;27;0;4;11;69;25;2;9;10;11
2015-02-25;25;1;8;8;19;27;5;0;19;7
2015-02-26;25;2;15;5;86;33;3;2;15;7
2015-02-27;35;12;2;4;44;20;5;11;12;17
2015-02-28;19;4;5;0;4;11;18;1;3;7
2015-03-01;16;0;2;3;22;5;4;0;1;4
2015-03-02;19;5;3;9;32;17;5;4;9;2
2015-03-03;16;11;12;1;38;32;6;2;12;128
2015-03-04;20;7;14;9;29;217;14;2;23;11
2015-03-05;51;2;7;6;8;31;20;3;18;24
2015-03-06;46;5;3;4;28;6;12;2;19;14
2015-03-07;20;1;5;12;8;12;2;0;0;7
2015-03-08;28;0;7;4;4;26;0;3;5;7
2015-03-09;40;8;1;16;28;48;5;2;12;19
2015-03-10;10;6;3;3;27;23;1;0;5;3
2015-03-11;25;10;7;0;19;37;2;3;21;12
2015-03-12;8;5;5;2;51;23;1;9;9;75
2015-03-13;17;4;2;19;63;17;2;3;6;28
2015-03-14;1;0;0;0;2;1;0;0;0;1
2015-03-16;6;2;4;8;19;15;5;0;6;15
2015-03-17;33;12;2;14;41;23;6;1;11;21
2015-03-18;41;212;18;14;65;36;22;4;35;127
2015-03-19;34;13;1;0;6;9;1;0;4;5
2015-03-20;25;0;1;17;21;19;5;1;10;0
2015-03-21;2;0;2;7;10;7;6;2;4;5
2015-03-22;1;1;7;3;3;8;3;0;2;4
2015-03-23;9;9;4;14;9;18;6;2;2;239
2015-03-24;28;201;14;22;49;179;2;6;54;56
2015-03-25;34;23;10;5;8;18;2;7;138;17
2015-03-26;49;9;4;6;23;12;10;5;217;12
2015-03-27;12;4;0;4;17;20;7;6;62;6
2015-03-28;16;4;5;4;10;13;1;0;85;13
2015-03-29;22;13;3;3;7;1;0;2;50;3
2015-03-30;18;6;7;3;4;6;0;0;35;4
2015-03-31;31;3;4;6;15;31;4;2;20;4
2015-04-01;5;0;1;13;27;10;6;1;17;2
2015-04-02;17;1;0;7;4;6;1;1;10;0
2015-04-03;4;7;4;6;1;1;0;2;4;1
2015-04-04;8;2;2;2;3;5;0;1;5;3
2015-04-05;0;11;1;3;8;2;0;3;5;1
2015-04-06;6;16;9;7;1;101;2;2;50;31
2015-04-07;2;1;3;2;18;22;1;3;8;11
2015-04-08;9;1;3;0;4;1;4;0;6;3
2015-04-09;18;8;1;1;26;12;5;4;17;14
2015-04-10;36;4;10;18;24;138;1;0;5;9
2015-04-11;25;2;12;0;18;12;0;0;21;14
2015-04-12;6;0;5;0;2;4;0;2;3;7
2015-04-13;1;3;1;0;7;40;9;2;4;35
2015-04-14;6;1;3;15;18;47;5;6;1;24
2015-04-15;37;22;4;10;36;49;0;1;7;21
2015-04-16;49;2;18;5;26;31;2;5;5;34
2015-04-17;14;12;13;18;113;36;6;1;11;6
2015-04-18;8;2;7;3;11;10;0;0;1;8
2015-04-19;21;9;10;1;11;3;0;0;0;2
2015-04-20;44;7;4;6;17;16;5;0;6;41
2015-04-21;31;1;2;21;44;29;5;1;7;7
2015-04-22;23;1;10;8;21;48;0;4;25;14
2015-04-23;5;3;3;8;34;15;0;0;6;15
2015-04-24;27;16;3;15;23;22;5;0;4;4
2015-04-25;10;3;6;2;18;3;2;0;11;7
2015-04-26;14;27;3;4;10;19;0;1;1;1
2015-04-27;20;5;3;2;21;18;11;0;20;6
2015-04-28;8;2;16;7;21;9;15;0;12;11
2015-04-29;7;4;46;2;385;31;5;15;9;12
2015-04-30;7;12;10;2;18;42;1;2;5;12
2015-05-01;17;2;14;4;6;18;2;2;4;0
2015-05-02;20;1;4;4;10;66;1;0;9;105
2015-05-03;24;5;2;0;2;4;0;1;1;1
2015-05-04;16;1;3;21;28;59;3;1;6;12
2015-05-05;12;4;3;5;17;22;2;0;8;8
2015-05-06;19;1;13;3;24;27;2;1;10;10
2015-05-07;18;5;5;9;18;40;8;0;29;7
2015-05-08;16;10;8;19;38;47;3;9;20;14
2015-05-09;4;7;6;11;9;13;2;0;1;10
2015-05-10;12;2;11;1;3;17;1;0;1;3
2015-05-11;23;0;10;9;14;27;4;5;7;12
2015-05-12;11;8;14;7;50;10;2;0;5;24
2015-05-13;36;4;5;6;22;18;4;3;10;10
2015-05-14;20;4;1;3;33;18;5;1;9;21
2015-05-15;6;14;14;3;30;28;1;1;1;11
2015-05-16;8;2;4;0;27;22;0;0;0;2
2015-05-17;31;6;1;46;5;3;3;1;0;3
2015-05-18;24;3;5;6;29;64;14;6;13;70
2015-05-19;28;10;9;5;17;33;13;22;16;44
2015-05-20;29;1;11;6;71;41;1;6;8;37
2015-05-21;32;5;3;2;73;18;7;1;14;6
2015-05-22;29;35;3;3;13;5;1;0;5;40
2015-05-23;7;3;1;2;3;8;1;0;1;9
2015-05-24;6;8;2;2;0;10;0;0;0;2
2015-05-25;11;2;4;2;10;10;1;2;2;11
2015-05-26;8;0;5;3;17;11;30;0;8;86
2015-05-27;3;1;5;7;10;5;6;2;1;76
2015-05-28;18;12;3;4;21;6;2;1;2;13
2015-05-29;2;0;0;1;5;4;0;1;1;2
2015-05-30;3;3;0;2;0;4;1;0;1;6
2015-05-31;3;1;0;0;13;4;0;2;2;1
2015-06-01;17;3;2;11;20;1;3;1;6;7
2015-06-02;11;3;2;2;7;8;5;1;85;5
2015-06-03;15;2;2;1;14;13;0;3;5;7
2015-06-04;5;3;0;0;3;3;1;1;2;1
2015-06-05;18;4;8;3;17;99;2;1;4;1
2015-06-06;48;3;2;3;1;4;0;0;0;2
2015-06-07;16;3;2;2;2;3;1;1;1;4
2015-06-08;0;0;3;1;2;2;1;1;3;3
2015-06-09;5;17;3;3;6;9;4;1;3;4
2015-06-10;5;5;1;3;9;5;2;5;13;10
2015-06-11;32;382;15;42;27;469;329;41;16;16
2015-06-12;9;7;3;16;6;166;27;10;16;9
2015-06-13;4;6;8;2;25;19;2;0;5;3
2015-06-14;8;1;7;1;2;11;2;1;3;1
2015-06-15;2;0;2;0;2;6;1;1;5;0
2015-06-16;4;1;2;2;20;5;0;1;1;2
2015-06-17;11;2;5;1;5;8;4;0;6;1
2015-06-18;11;4;2;1;16;27;3;3;4;31
2015-06-19;14;4;3;1;19;24;1;0;20;10
2015-06-20;19;0;4;7;17;11;2;0;9;34
2015-06-21;14;1;0;1;12;5;4;1;1;8
2015-06-22;43;0;3;4;46;67;10;2;22;12
2015-06-23;42;12;13;19;39;34;18;3;25;236
2015-06-24;21;13;5;9;26;16;9;10;13;59
2015-06-25;130;16;3;13;179;11;38;10;6;40
2015-06-26;217;8;4;36;44;61;4;202;21;24
2015-06-27;25;3;0;1;3;7;3;7;3;44
2015-06-28;9;6;1;0;4;3;0;4;2;6
2015-06-29;32;3;2;5;68;30;1;3;10;54
2015-06-30;10;7;3;3;43;49;12;0;9;44
2015-07-01;29;2;3;5;25;28;1;5;5;31
2015-07-02;26;2;2;5;17;15;2;6;6;7
2015-07-03;28;5;1;11;49;25;9;4;16;10
2015-07-04;6;2;1;1;1;13;1;2;2;5
2015-07-05;8;2;1;0;1;5;5;0;2;2
2015-07-06;17;13;5;0;15;37;2;5;7;18
2015-07-07;17;5;17;13;13;47;1;1;10;9
2015-07-08;24;0;4;1;21;66;2;5;3;21
2015-07-09;24;7;1;5;14;21;0;2;6;4
2015-07-10;16;5;5;3;19;28;3;0;4;21
2015-07-11;1;0;0;2;11;27;1;0;11;7
2015-07-12;10;3;2;1;2;5;2;0;4;3
2015-07-13;13;2;3;4;16;16;8;11;12;12
2015-07-14;9;1;6;0;13;20;2;1;6;2
2015-07-15;17;6;4;3;12;19;7;2;3;19
2015-07-16;26;3;10;2;10;30;2;2;4;32
2015-07-17;19;6;9;4;16;25;3;5;5;18
2015-07-18;3;1;2;6;3;6;1;0;2;0
2015-07-19;21;9;1;5;12;9;0;1;5;2
2015-07-20;11;27;4;4;9;14;1;0;3;6
2015-07-21;28;7;2;1;11;17;1;1;18;8
2015-07-22;25;9;27;5;17;65;0;2;5;85
2015-07-23;17;4;5;3;21;15;8;2;6;8
2015-07-24;11;9;1;5;18;9;2;1;11;5
2015-07-25;15;3;5;5;15;14;0;1;4;8
2015-07-26;2;0;10;0;0;0;3;0;3;4
2015-07-27;8;2;3;1;6;8;1;1;2;5
2015-07-28;18;0;1;0;4;5;2;0;6;12
2015-07-29;25;2;8;9;20;9;1;0;7;15
2015-07-30;12;3;13;2;40;48;6;4;4;11
2015-07-31;16;5;5;1;22;106;2;1;4;5
2015-08-01;7;2;2;9;11;28;5;1;2;4
2015-08-02;7;1;0;3;24;8;8;0;1;42
2015-08-03;43;9;8;27;54;45;13;2;36;33
2015-08-04;29;11;2;7;8;57;11;5;16;60
2015-08-05;3;23;3;4;25;15;2;1;9;22
2015-08-06;22;15;11;7;20;23;23;0;11;14
2015-08-07;27;5;6;14;44;29;4;0;4;49
2015-08-08;8;0;4;1;3;3;0;6;2;41
2015-08-09;16;8;0;0;4;22;16;23;30;16
2015-08-10;7;13;8;12;25;19;10;12;3;117
2015-08-11;25;14;3;5;41;24;6;2;11;32
2015-08-12;8;5;8;3;50;54;3;11;9;32
2015-08-13;9;1;3;2;39;39;0;1;6;28
2015-08-14;26;2;13;11;36;47;9;17;18;21
2015-08-15;26;2;3;1;8;2;0;0;11;4
2015-08-16;19;4;2;1;9;13;0;0;1;9
2015-08-17;20;8;13;0;46;35;2;4;26;13
2015-08-18;12;11;10;9;15;45;4;3;24;31
2015-08-19;30;3;6;9;27;39;7;3;17;57
2015-08-20;48;9;4;4;33;24;2;1;3;34
2015-08-21;20;5;1;8;10;30;1;8;60;29
2015-08-22;5;0;9;0;7;1;0;0;7;2
2015-08-23;7;1;1;0;0;9;2;1;1;4
2015-08-24;7;3;13;1;10;22;1;3;7;9
2015-08-25;8;5;3;1;8;45;1;3;5;14
2015-08-26;8;10;5;1;15;25;7;1;6;13
2015-08-27;28;6;4;11;42;9;9;1;26;11
2015-08-28;11;8;11;15;15;21;8;18;43;32
2015-08-29;4;13;0;16;2;3;1;1;1;4
2015-08-30;7;1;0;3;0;12;2;0;16;12
2015-08-31;15;1;9;3;10;31;8;6;17;26
2015-09-01;69;1;8;4;20;64;9;4;18;32
2015-09-02;15;1;1;3;23;49;0;6;14;7
2015-09-03;57;3;9;5;34;47;0;5;16;30
2015-09-04;19;6;5;2;7;20;26;11;16;38
2015-09-05;18;0;2;0;7;5;4;11;0;8
2015-09-06;33;0;0;1;12;7;6;1;2;7
2015-09-07;23;12;11;2;63;51;4;23;3;28
2015-09-08;11;3;5;8;21;41;5;26;14;14
2015-09-09;12;3;10;6;28;66;3;6;7;84
2015-09-10;30;5;15;8;18;34;5;3;29;10
2015-09-11;26;3;7;6;26;40;10;6;12;19
2015-09-12;16;1;7;0;5;18;1;3;9;6
2015-09-13;9;2;3;1;7;1;5;1;6;17
2015-09-14;50;10;4;0;19;19;47;0;4;14
2015-09-15;26;9;22;0;32;84;10;2;12;13
2015-09-16;14;5;5;1;11;24;12;1;6;4
2015-09-17;8;13;2;2;20;85;4;2;12;17
2015-09-18;38;18;5;1;22;44;8;8;7;4
2015-09-19;14;6;10;2;13;4;2;0;3;42
2015-09-20;2;1;2;0;2;0;1;0;0;3
2015-09-21;11;7;2;1;13;19;1;4;16;10
2015-09-22;0;1;0;0;2;3;0;0;2;1
2015-09-23;34;3;0;6;17;95;0;3;12;10
2015-09-24;16;9;11;15;18;29;14;6;6;7
2015-09-25;3;2;7;7;6;7;4;4;11;6
2015-09-26;13;3;1;2;11;11;1;1;3;14
2015-09-27;7;4;3;1;11;2;0;16;3;10
2015-09-28;3;0;2;1;4;10;0;1;1;11
2015-09-29;27;12;5;6;320;53;17;10;22;38
2015-09-30;38;24;4;2;77;97;41;2;19;175
2015-10-01;24;12;9;4;65;33;11;3;30;2
2015-10-02;1;19;8;1;51;16;9;6;17;9
2015-10-03;10;1;9;0;6;12;1;1;6;3
2015-10-04;28;3;2;2;9;6;2;10;1;2
2015-10-05;61;1;6;9;18;40;16;1;12;16
2015-10-06;40;3;10;8;35;43;8;3;8;5
2015-10-07;35;13;10;59;17;35;2;12;14;6
2015-10-08;40;2;5;13;20;26;0;3;20;24
2015-10-09;22;7;4;2;8;25;0;0;11;13
2015-10-10;8;1;5;0;9;4;1;0;22;3
2015-10-11;1;1;1;0;4;6;0;1;4;1
2015-10-12;10;4;28;2;5;9;2;4;10;5
2015-10-13;46;5;4;2;55;12;6;20;20;13
2015-10-14;51;4;8;11;17;15;83;33;8;20
2015-10-15;27;0;2;0;41;15;11;19;107;10
2015-10-16;19;8;3;3;28;34;6;5;22;289
2015-10-17;16;6;10;5;19;26;3;1;3;3
2015-10-18;92;5;7;1;181;93;8;1;9;12
2015-10-19;28;3;16;5;61;31;22;1;30;15
2015-10-20;22;2;17;3;66;273;9;5;54;19
2015-10-21;51;3;5;2;29;20;4;7;31;16
2015-10-22;16;3;2;1;21;23;2;0;26;4
2015-10-23;8;7;5;0;44;8;7;4;22;17
2015-10-24;90;44;63;31;256;224;101;56;145;171
2015-10-25;6;4;0;0;25;27;0;2;19;5
2015-10-26;22;1;5;3;24;31;0;2;8;10
2015-10-27;25;2;6;0;22;25;3;1;64;35
2015-10-28;62;4;9;1;33;22;3;1;29;22
2015-10-29;11;6;7;1;17;18;2;7;84;14
2015-10-30;31;6;2;5;30;21;0;7;18;19
2015-10-31;28;4;0;6;7;1;2;1;12;16
2015-11-01;11;4;7;1;4;0;3;1;5;8
2015-11-02;37;14;4;11;16;204;0;33;29;17
2015-11-03;22;7;1;4;20;20;1;0;20;13
2015-11-04;7;4;2;2;81;21;9;0;27;17
2015-11-05;15;3;13;10;16;29;11;0;14;18
2015-11-06;40;10;10;10;16;51;12;0;1;3
2015-11-07;12;3;3;12;5;9;2;1;10;13
2015-11-08;12;1;2;22;9;2;0;0;4;4
2015-11-09;26;0;6;1;4;50;6;9;6;9
2015-11-10;14;0;5;0;32;14;3;2;1;25
2015-11-11;20;4;4;11;24;38;8;1;11;11
2015-11-12;11;0;3;12;6;20;8;1;13;13
2015-11-13;53;5;3;1;21;34;3;5;14;27
2015-11-16;15;5;1;3;15;20;17;1;9;10
2015-11-17;12;0;3;2;17;17;9;2;14;11
2015-11-19;5;1;0;2;12;7;8;0;0;14
2015-11-20;4;17;7;1;18;32;23;3;25;15
2015-11-21;2;13;1;4;4;6;7;3;3;10
2015-11-22;10;6;5;4;7;8;4;0;0;10
2015-11-23;7;6;4;2;22;20;7;0;10;15
2015-11-24;13;2;13;1;16;21;2;1;9;9
2015-11-25;5;1;24;9;37;19;4;2;8;21
2015-11-26;32;10;8;0;20;25;2;4;16;4
2015-11-27;10;9;2;3;17;13;2;2;4;0
2015-11-28;15;1;8;2;16;21;1;0;16;1
2015-11-29;6;0;1;0;4;11;89;0;2;3
2015-11-30;18;4;3;8;91;614;6;2;27;21
2015-12-01;2;3;1;1;13;60;8;3;10;75
2015-12-02;24;154;9;8;23;39;0;5;4;21
2015-12-03;64;14;8;2;27;54;8;3;23;65
2015-12-04;30;4;6;4;40;26;0;26;28;4
2015-12-05;9;0;0;4;14;10;0;4;11;8
2015-12-06;26;0;4;2;8;8;0;5;16;10
2015-12-07;3;5;0;8;13;79;3;1;2;8
2015-12-08;5;1;0;10;2;12;1;1;2;6
2015-12-09;21;1;9;2;27;20;29;1;6;1
2015-12-10;24;2;9;6;27;26;11;0;13;7
2015-12-11;18;30;12;7;14;24;2;2;31;6
2015-12-12;16;10;2;5;8;12;2;0;6;27
2015-12-13;8;193;6;2;10;3;0;5;2;36
2015-12-14;15;6;5;1;7;30;3;0;5;18
2015-12-15;14;2;5;1;12;35;1;0;18;7
2015-12-16;17;2;2;1;19;24;7;0;3;6
2015-12-17;7;2;5;4;6;9;5;0;19;7
2015-12-18;29;6;6;5;13;17;6;0;24;12
2015-12-19;18;1;5;0;12;11;3;0;5;14
2015-12-20;9;0;1;2;13;11;0;0;7;1
2015-12-21;4;1;1;1;7;20;2;1;2;8
2015-12-22;16;11;0;1;13;29;2;1;5;3
2015-12-23;18;3;5;3;22;11;1;6;17;49
2015-12-24;5;8;1;0;3;7;1;2;12;12
2015-12-25;2;1;0;0;1;2;0;0;5;1
2015-12-26;3;0;0;2;2;3;1;1;6;0
2015-12-27;10;4;0;1;7;6;1;1;8;2
2015-12-28;12;13;0;0;5;10;17;2;9;3
2015-12-29;8;1;11;0;96;13;0;1;4;6
2015-12-30;51;20;1;0;31;10;8;0;15;5
2015-12-31;6;9;1;1;5;8;1;2;3;0
2016-01-01;49;0;0;1;3;4;1;1;2;0
2016-01-02;11;0;0;1;10;31;3;1;3;0
2016-01-03;6;0;0;1;7;21;1;1;5;2
2016-01-04;20;2;1;1;16;31;1;3;6;14
2016-01-05;4;3;1;2;15;12;2;5;1;8
2016-01-06;5;0;0;1;12;2;0;6;0;2
2016-01-07;4;4;4;1;8;8;0;2;1;2
2016-01-08;5;10;4;3;9;12;1;6;2;3
2016-01-09;1;1;2;0;4;37;0;0;0;2
2016-01-10;4;0;5;1;2;43;0;1;1;3
2016-01-11;18;2;2;75;21;18;3;1;3;1
2016-01-12;30;0;2;2;2;16;6;0;11;4
2016-01-13;13;1;0;0;16;33;18;4;12;2
2016-01-14;6;1;0;3;15;16;8;2;2;5
2016-01-15;6;1;4;0;5;4;3;2;8;28
2016-01-16;3;0;1;0;2;10;3;0;10;7
2016-01-17;141;0;0;2;2;16;1;1;4;3
2016-01-18;18;1;3;1;16;11;18;6;10;8
2016-01-19;4;5;0;4;10;9;15;2;14;3
2016-01-20;9;0;21;4;14;12;11;9;10;6
2016-01-21;26;0;6;3;48;14;4;1;12;7
2016-01-22;11;2;3;0;7;18;0;9;1;9
2016-01-23;10;3;10;7;3;6;1;2;7;4
2016-01-24;4;0;1;2;1;4;1;0;1;3
2016-01-25;28;15;0;1;7;14;14;0;1;3
2016-01-26;17;10;7;4;4;17;3;0;23;17
2016-01-27;8;0;5;5;4;25;2;0;24;10
2016-01-28;12;28;8;2;17;21;0;5;12;17
2016-01-29;11;3;1;3;7;18;5;3;8;7
2016-01-30;12;1;6;3;4;17;2;0;8;7
2016-01-31;14;0;2;1;2;8;0;1;2;3
2016-02-01;16;0;2;2;6;2;3;0;3;6
2016-02-02;12;1;2;0;14;21;5;0;3;3
2016-02-03;27;10;9;1;45;27;4;1;4;9
2016-02-04;24;2;3;1;8;9;5;3;4;10
2016-02-05;112;3;4;1;33;3;7;3;3;1
2016-02-06;14;1;1;0;4;20;3;0;4;6
2016-02-07;7;1;0;0;12;1;0;0;2;0
2016-02-08;7;1;0;5;7;1;0;1;4;5
2016-02-09;12;2;0;2;13;10;6;13;28;11
2016-02-10;4;2;2;1;23;8;4;2;4;12
2016-02-11;13;0;2;2;11;11;2;1;11;10
2016-02-12;867;3;25;7;20;6;27;1;42;9
2016-02-13;214;2;68;1;1;6;6;3;7;4
2016-02-14;185;1;2;1;2;9;4;5;19;9
2016-02-15;252;3;12;0;6;40;7;0;20;12
2016-02-16;128;5;7;2;15;27;10;0;14;114
2016-02-17;99;11;17;4;23;28;3;2;6;25
2016-02-18;261;6;6;2;4;9;15;34;3;18
2016-02-19;215;10;4;0;7;8;4;9;25;8
2016-02-20;15;2;11;0;4;1;4;4;18;2
2016-02-21;19;1;1;0;5;1;2;0;10;10
2016-02-22;133;5;22;4;21;13;3;2;2;3
2016-02-23;77;2;3;2;11;10;20;5;10;9
2016-02-24;74;2;54;9;17;13;10;6;16;13
2016-02-25;33;1;3;3;6;10;4;6;15;10
2016-02-26;16;5;11;3;18;7;7;13;11;28
2016-02-27;29;7;1;1;9;6;2;0;9;6
2016-02-28;41;1;0;0;3;8;1;1;2;6
2016-02-29;88;5;4;0;9;23;3;20;2;6
2016-03-01;29;5;3;3;8;49;8;3;1;1
2016-03-02;34;7;7;6;15;8;10;1;12;15
2016-03-03;324;2;1;7;9;12;8;4;8;13
2016-03-04;151;4;0;0;7;12;13;36;6;8
2016-03-05;55;6;7;0;5;2;1;8;7;2
2016-03-06;126;1;3;0;4;7;1;4;2;3
2016-03-07;678;5;9;7;221;9;199;5;8;17
2016-03-08;104;2;17;1;34;15;20;1;5;4
2016-03-09;332;15;5;2;61;15;6;2;8;2
2016-03-10;328;5;10;0;7;23;6;6;24;3
2016-03-11;96;3;1;0;2;7;1;1;6;0
2016-03-12;17;2;0;2;7;10;1;0;4;3
2016-03-13;30;6;0;1;8;2;0;1;1;2
2016-03-14;41;4;0;3;21;8;3;1;3;13
2016-03-15;16;0;5;4;7;30;2;2;7;4
2016-03-16;47;2;0;1;15;17;2;1;10;2
2016-03-17;227;5;0;6;18;6;4;8;4;2
2016-03-18;74;2;5;5;10;5;1;3;5;4
2016-03-19;22;1;1;0;1;11;1;0;2;2
2016-03-20;5;0;0;0;0;2;1;3;1;4
2016-03-21;33;1;3;2;5;9;6;4;4;12
2016-03-22;85;0;2;0;2;3;4;1;3;5
2016-03-23;37;0;0;0;9;5;3;1;9;1
2016-03-24;8;2;3;1;6;9;1;3;1;4
2016-03-25;16;13;3;0;4;4;0;0;1;2
2016-03-26;7;1;3;0;2;2;19;0;1;5
2016-03-27;18;0;1;1;5;7;7;1;2;6
2016-03-28;32;1;0;3;9;13;16;14;1;29
2016-03-29;72;0;1;3;18;14;5;6;12;5
2016-03-30;280;17;10;24;192;36;39;25;31;18
2016-03-31;236;1;5;0;14;14;2;1;4;5
2016-04-01;85;5;3;1;3;13;1;0;17;0
2016-04-02;66;1;3;0;0;34;3;1;1;0
2016-04-03;35;9;4;0;3;18;2;1;3;5
2016-04-04;109;6;150;0;4;36;9;2;9;11
2016-04-05;448;6;6;2;4;7;6;2;16;8
2016-04-06;237;3;0;1;52;2;5;0;7;8
2016-04-07;351;8;12;1;21;7;8;0;27;12
2016-04-08;157;2;6;0;9;25;19;1;6;1
2016-04-09;8;1;1;0;1;6;3;0;0;4
2016-04-10;38;1;14;0;5;5;2;1;2;1
2016-04-11;174;7;7;13;9;26;0;1;14;31
2016-04-12;109;2;1;4;25;8;1;5;17;16
2016-04-13;60;4;3;0;3;16;2;2;6;2
2016-05-14;19;1;1;0;18;8;2;0;0;1
2016-05-15;25;3;3;2;35;7;0;0;4;9
2016-05-16;27;1;0;3;9;7;0;0;6;2
2016-05-17;22;4;2;2;11;16;2;1;23;8
2016-05-18;29;4;3;0;18;14;5;2;5;40
2016-05-19;12;1;4;13;8;11;6;18;25;6
2016-05-20;16;3;1;2;12;9;4;10;1;14
2016-05-21;32;2;2;0;5;1;0;3;3;2
2016-05-22;13;4;3;0;3;3;1;0;1;2
2016-05-23;26;5;24;0;5;5;3;18;3;5
2016-05-24;75;2;7;2;18;6;3;3;16;10
2016-05-25;23;1;5;1;17;5;1;6;4;12
2016-05-26;30;0;10;1;15;9;3;2;4;5
2016-05-27;12;4;3;3;16;13;4;0;35;7
2016-05-28;13;3;3;0;1;1;0;0;4;2
2016-05-29;6;1;0;0;5;4;0;0;1;0
2016-05-30;28;1;3;1;1;28;1;0;5;17
2016-05-31;24;95;5;3;26;1;4;0;15;14
2016-06-01;41;31;5;2;41;3;2;4;7;65
2016-06-02;27;5;3;0;17;14;4;2;10;27
2016-06-03;36;9;2;3;15;99;10;6;6;31
2016-06-04;27;5;3;0;0;42;2;6;0;5
2016-06-05;18;4;1;1;2;0;1;0;0;4
2016-06-06;39;3;13;8;11;18;1;0;7;26
2016-06-07;118;1;7;7;16;16;11;0;10;21
2016-06-08;78;9;4;1;20;25;9;1;141;27
2016-06-09;82;5;84;5;16;19;11;2;8;35
2016-06-10;116;13;5;3;24;21;9;4;2;38
2016-06-11;56;2;0;2;32;6;0;0;1;1
2016-06-12;71;0;0;0;0;4;5;0;0;0
2016-06-13;60;0;2;4;8;18;14;3;4;17
2016-06-14;250;5;1;8;18;10;6;11;14;17
2016-06-15;170;5;2;0;8;11;2;1;5;10
2016-06-16;47;1;7;2;43;21;7;2;4;8
2016-06-17;33;5;3;0;4;10;13;1;5;15
2016-06-18;27;2;1;1;0;6;5;0;1;1
2016-06-19;38;1;0;2;3;1;0;0;0;1
2016-06-20;66;5;1;1;9;3;5;2;0;8
2016-06-21;42;4;5;0;44;15;27;1;8;22
2016-06-22;81;1;2;0;42;26;3;30;7;13
2016-06-23;73;3;8;6;27;15;25;14;7;33
2016-06-24;59;12;0;4;16;14;2;4;3;9
2016-06-25;18;2;1;0;3;0;0;0;1;2
2016-07-01;57;7;2;0;18;6;2;3;19;26
2016-07-02;5;2;1;0;1;0;0;0;0;0
2016-07-04;223;8;3;0;5;11;4;0;1;3
2016-07-05;46;1;0;0;0;0;2;0;0;0
2016-07-12;86;5;7;1;15;8;5;2;22;4
2016-07-13;78;8;1;1;12;39;6;9;14;9
2016-07-14;184;3;18;0;16;22;4;3;6;5
2016-07-15;133;3;5;2;54;4;9;0;5;5
2016-07-16;35;3;12;8;1;6;0;0;5;3
2016-07-17;51;0;2;1;3;5;0;0;1;2
2016-07-18;135;0;7;3;11;5;9;3;1;19
2016-07-19;189;12;6;2;10;21;21;9;16;93
2016-07-20;158;2;10;7;36;5;8;0;20;40
2016-07-21;57;5;2;2;17;5;1;0;15;22
2016-07-22;83;11;2;0;23;22;9;2;6;14
2016-07-23;57;6;3;0;16;3;1;1;3;7
2016-07-24;21;0;7;0;3;1;1;1;1;13
2016-07-25;33;0;2;0;2;4;3;6;2;2
2016-07-26;81;2;1;6;21;20;5;9;20;28
2016-07-27;68;2;2;2;19;291;1;0;18;27
2016-07-28;40;4;0;0;13;14;3;1;26;13
2016-07-29;87;6;14;1;19;43;1;7;21;12
2016-07-30;103;0;2;0;9;3;0;3;2;6
2016-07-31;47;2;0;5;6;5;0;1;11;4
2016-08-01;130;3;6;2;11;12;7;2;14;15
2016-08-02;68;1;1;0;20;16;9;2;10;16
2016-08-03;69;9;7;0;12;13;10;5;25;6
2016-08-09;12;2;0;1;4;2;6;0;0;1
2016-08-10;25;2;2;2;31;10;3;7;7;5
2016-08-11;11;0;0;0;3;2;1;1;1;1
2016-08-12;54;0;0;0;6;6;1;1;2;5
2016-08-13;9;1;0;0;5;33;3;2;2;2
2016-08-14;1;0;0;0;1;2;0;1;3;0
2016-08-26;20;0;2;0;15;7;5;2;3;2
2016-08-27;132;2;1;0;9;3;7;1;2;1
2016-08-28;69;0;0;0;5;1;0;1;4;5
2016-08-29;76;2;1;0;7;36;2;1;7;11
2016-08-30;27;6;0;0;18;6;1;1;4;7
2016-08-31;27;7;1;8;0;13;0;1;11;1
2016-09-01;87;10;6;1;120;39;4;0;10;30
2016-09-02;103;0;8;1;28;11;4;0;6;17
2016-09-03;34;0;3;0;4;15;0;3;4;6
2016-09-04;0;0;0;0;0;0;0;0;0;0
2016-09-19;20;2;0;0;8;1;2;0;18;16
2016-09-20;71;6;7;7;12;11;9;2;3;7
2016-09-21;61;1;5;4;15;21;9;1;4;11
2016-09-22;18;1;2;2;24;53;154;1;7;56
2016-09-23;86;4;2;7;8;28;20;1;5;43
2016-09-24;29;4;0;6;2;10;10;1;2;18
2016-09-25;43;3;8;1;5;5;6;2;9;13
2016-09-26;47;1;2;5;15;15;6;4;13;14
2016-09-27;46;1;0;2;20;22;19;1;2;14
2016-09-28;20;7;0;0;17;27;21;0;8;9
2016-09-29;14;3;5;0;11;15;4;0;14;41
2016-09-30;26;9;3;1;16;6;13;0;13;524
2016-10-01;37;1;3;0;4;7;8;0;6;168
2016-10-02;14;0;1;0;6;3;0;2;4;17
2016-10-03;35;7;1;0;8;13;10;0;21;13
2016-10-04;24;5;0;1;21;7;10;0;8;1
2016-10-05;40;17;7;1;10;19;14;3;11;41
2016-10-06;15;6;0;20;29;33;5;3;22;30
2016-10-07;22;3;0;6;9;161;53;7;15;24
2016-10-08;23;4;0;1;4;41;7;2;13;3
2016-10-09;12;1;0;0;4;4;7;1;4;2
2016-10-10;105;10;1;0;13;12;8;2;3;43
2016-10-11;61;2;5;2;10;39;6;3;5;17
2016-10-12;71;1;1;4;5;6;6;4;15;6
2016-10-13;75;2;50;3;8;134;12;0;10;8
2016-10-14;67;1;19;4;9;33;89;40;6;17
2016-10-15;19;2;2;0;5;6;15;5;0;2
2016-10-16;7;0;4;0;5;3;2;0;1;5
2016-10-17;61;2;1;0;13;25;10;1;14;23
2016-10-18;40;4;8;1;12;20;10;250;14;25
2016-10-19;67;8;4;0;11;27;33;108;44;26
2016-10-20;199;0;4;25;229;19;24;61;34;10
2016-10-21;65;4;3;15;101;23;130;8;12;23
2016-10-22;46;1;7;2;36;4;6;3;2;2
2016-10-23;17;1;4;1;23;2;3;1;3;8
2016-10-24;61;5;9;0;46;26;2;7;14;14
2016-10-25;39;9;2;5;80;38;10;13;12;14
2016-10-26;22;9;19;1;40;8;9;2;9;47
2016-10-27;41;3;6;3;43;47;19;9;31;27
2016-10-28;29;10;8;2;58;13;7;3;7;25
2016-10-29;20;3;4;4;13;6;9;19;0;2
2016-10-30;14;4;8;2;14;8;1;6;6;1
2016-10-31;39;7;6;1;3;11;7;2;6;5
2016-11-01;42;3;7;0;12;3;2;61;10;3
2016-11-02;112;7;67;72;19;233;26;5;16;16
2016-11-03;124;1;15;13;15;36;68;0;32;17
2016-11-04;79;6;11;6;22;61;10;1;13;34
2016-11-05;31;0;2;0;17;21;2;1;57;2
2016-11-06;7;2;3;0;5;6;0;4;21;0
2016-11-07;126;2;1;3;8;28;7;1;8;17
2016-11-08;30;12;0;0;31;56;8;2;11;83
2016-11-09;11;4;2;0;3;21;2;1;18;136
2016-11-10;89;3;30;1;11;5;3;3;16;23
2016-11-11;63;4;11;0;31;6;49;5;33;8
2016-11-14;52;3;1;2;3;3;4;0;9;1
2016-11-15;172;7;5;0;27;18;8;2;18;11
2016-11-16;73;3;7;0;11;22;0;2;17;14
2016-11-17;47;4;8;16;6;30;14;0;29;14
2016-11-18;134;7;2;5;27;21;20;4;8;86
2016-11-19;49;1;0;0;4;4;3;0;0;6
2016-11-20;52;6;1;0;18;1;14;1;5;0
2016-11-21;66;2;4;2;13;155;23;1;35;9
2016-11-22;198;1;6;0;21;21;9;3;13;9
2016-11-23;20;7;0;4;10;17;6;0;15;37
2016-11-24;206;6;9;2;23;11;5;8;18;21
2016-11-25;12;5;1;3;32;32;3;2;7;30
2016-11-26;15;1;2;1;3;10;2;0;3;11
2016-11-27;25;0;1;5;4;11;4;3;5;2
2016-11-28;21;2;6;42;19;24;6;1;1;26
2016-11-29;17;0;20;2;11;152;47;7;4;48
2016-11-30;20;2;3;3;6;60;14;13;5;21
2016-12-01;647;19;14;0;42;179;7;11;22;489
2016-12-02;63;15;4;14;50;49;22;7;6;54
2016-12-03;25;1;0;1;24;4;25;7;6;6
2016-12-04;7;1;3;0;6;3;5;1;1;14
2016-12-05;41;4;3;2;68;26;4;3;4;51
2016-12-06;39;4;0;2;5;2;3;4;7;22
2016-12-07;20;5;4;0;31;5;1;4;4;43
2016-12-08;13;8;2;0;13;9;0;1;2;24
2016-12-09;14;2;2;0;15;7;15;8;5;8
2016-12-10;7;2;2;0;18;1;0;1;5;7
2016-12-11;37;0;0;0;11;1;1;0;8;3
2016-12-12;40;6;5;2;15;11;5;3;7;40
2016-12-13;10;2;0;1;19;11;3;0;21;8
2016-12-14;23;5;2;2;15;21;1;16;72;80
2016-12-15;27;3;4;11;55;29;11;3;30;18
2016-12-16;39;7;0;5;11;25;1;7;17;27
2016-12-17;11;1;10;0;12;4;4;0;1;7
2016-12-18;16;1;7;1;34;9;8;1;7;3
2016-12-19;203;8;7;3;13;16;2;1;14;6
2016-12-20;53;1;3;3;58;9;0;6;9;18
2016-12-21;113;16;2;3;12;9;0;1;5;5
2016-12-22;30;1;2;3;3;1;2;3;3;15
2016-12-23;23;1;0;4;10;15;2;1;0;17
2016-12-24;6;3;1;0;4;8;1;0;1;2
2016-12-25;36;0;1;0;0;1;1;1;1;0
2016-12-26;28;1;1;0;1;3;1;1;34;0
2016-12-27;6;1;1;1;2;5;2;2;10;2
2016-12-28;80;9;5;3;34;28;14;9;36;27
2016-12-29;60;1;2;1;14;12;4;19;7;12
2016-12-30;11;1;2;0;7;9;6;13;3;28
2016-12-31;6;9;0;0;13;4;1;2;0;2
2017-01-01;4;1;0;0;7;8;1;1;1;1
2017-01-02;7;5;12;4;11;11;4;13;16;2
2017-01-03;31;1;0;6;3;5;2;224;2;7
2017-01-04;12;5;0;18;8;4;1;122;5;15
2017-01-05;11;2;0;1;4;7;0;22;2;2
2017-01-06;19;0;1;0;1;1;8;12;1;0
2017-01-07;11;2;0;1;2;18;3;21;1;2
2017-01-08;4;1;1;0;5;21;0;18;2;0
2017-01-09;16;0;2;6;41;3;6;120;2;1
2017-01-10;3;1;0;3;1;1;2;13;1;1
2017-01-11;21;2;12;3;16;7;0;43;4;13
2017-01-12;24;2;8;1;17;22;2;74;10;11
2017-01-13;24;0;2;1;9;11;0;149;6;5
2017-01-14;12;2;7;0;10;7;0;90;4;4
2017-01-15;14;2;4;3;3;8;0;47;3;7
2017-01-16;32;7;11;2;7;25;5;29;6;18
2017-01-17;21;7;1;5;8;36;0;78;11;11
2017-01-18;14;1;2;2;9;21;32;86;7;5
2017-01-19;12;4;6;1;113;17;70;30;7;29
2017-01-20;6;4;4;2;16;18;23;33;2;69
2017-01-21;3;3;3;6;9;5;5;18;1;12
2017-01-22;3;3;2;2;2;3;8;18;0;0
2017-01-23;27;3;1;0;7;14;1;69;1;3
2017-01-24;19;2;3;2;12;27;43;103;4;36
2017-01-25;23;3;15;2;16;18;16;333;6;15
2017-01-26;27;1;5;15;22;65;1;414;17;18
2017-01-27;103;0;0;17;11;12;4;87;17;16
2017-01-28;16;2;9;0;3;54;1;19;1;2
2017-01-29;16;2;5;1;3;8;1;12;1;1
2017-01-30;15;2;3;6;57;1;2;46;3;4
2017-01-31;90;1;0;12;60;10;6;42;10;32
2017-02-01;53;0;0;7;11;13;9;40;13;34
2017-02-02;19;0;1;106;11;81;3;59;7;29
2017-02-03;30;1;2;16;5;21;12;37;15;26
2017-02-04;42;0;5;3;4;3;8;12;5;5
2017-02-05;10;0;0;3;5;7;1;8;0;4
2017-02-06;23;1;3;106;18;23;6;62;3;11
2017-02-07;14;3;3;278;13;12;4;52;13;40
2017-02-08;44;4;11;83;5;16;8;36;12;32
2017-02-09;29;1;1;41;13;29;24;37;5;7
2017-02-10;17;0;10;16;70;30;29;14;3;24
2017-02-11;11;1;2;6;3;13;2;11;0;6
2017-02-12;23;1;1;4;0;2;4;5;0;2
2017-02-13;60;0;0;21;227;24;11;18;1;21
2017-02-14;17;8;1;0;18;21;5;10;5;13
2017-02-15;13;6;6;9;7;21;1;18;16;222
2017-02-16;13;2;5;4;12;31;0;39;14;33
2017-02-17;21;4;6;3;12;12;0;35;5;69
2017-02-18;7;6;3;3;5;1;1;10;2;12
2017-02-19;6;1;4;6;3;3;0;9;3;8
2017-02-20;17;5;0;15;17;12;0;38;16;38
2017-02-21;30;0;0;4;4;25;1;13;18;34
2017-02-22;26;16;4;11;21;42;46;19;11;23
2017-02-23;12;6;1;11;16;47;34;26;7;60
2017-02-24;28;12;6;5;47;140;12;67;6;10
2017-02-25;3;4;0;1;4;10;4;10;2;1
2017-02-26;4;0;1;2;3;13;1;5;17;1
2017-02-27;9;5;1;1;7;20;151;18;4;10
2017-02-28;29;1;4;2;12;23;47;3;10;14
2017-03-01;10;6;7;4;14;17;44;5;5;7
2017-03-02;10;4;3;1;11;90;3;9;3;19
2017-03-03;13;5;5;15;14;20;8;17;18;6
2017-03-04;20;1;3;1;7;3;3;4;1;2
2017-03-05;8;0;1;1;1;0;1;6;4;3
2017-03-06;16;2;4;5;51;17;2;6;8;17
2017-03-07;42;1;0;6;19;33;4;16;8;19
2017-03-08;14;3;3;4;33;18;5;3;9;21
2017-03-09;13;5;7;7;18;25;3;6;3;19
2017-03-10;11;4;3;4;21;15;1;5;31;9
2017-03-11;6;0;5;5;17;12;0;31;5;5
2017-03-12;12;1;3;5;3;5;1;8;2;5
2017-03-13;10;3;0;2;19;210;1;2;10;6
2017-04-05;3;0;0;0;3;5;0;21;0;23
2017-04-06;64;6;5;12;11;19;2;90;11;11
2017-04-07;33;3;4;5;22;44;23;13;2;6
2017-04-08;24;2;0;0;5;10;2;5;8;12
2017-04-09;8;1;2;1;7;1;1;2;2;5
2017-04-10;36;4;26;4;4;14;1;37;6;0
2017-04-11;47;0;14;1;3;14;2;112;1;5
2017-04-12;20;10;0;5;9;10;0;182;5;17
2017-04-13;5;5;3;1;6;3;0;14;2;5
2017-04-14;8;7;6;0;4;11;0;11;1;1
2017-04-15;11;1;1;2;3;5;1;11;1;1
2017-04-16;13;3;0;3;15;1;0;5;1;0
2017-04-17;23;3;7;3;14;7;9;10;9;7
2017-04-18;20;5;3;2;26;31;17;9;21;22
2017-04-19;12;21;3;3;31;26;9;11;8;17
2017-04-20;8;3;5;1;19;54;11;6;10;4
2017-04-21;77;0;2;1;12;39;3;11;35;32
2017-04-22;12;1;0;1;6;4;0;4;1;12
2017-04-23;4;8;4;2;5;3;1;3;1;11
2017-04-24;10;4;10;3;5;74;4;11;3;5
2017-04-25;17;4;1;6;28;61;5;3;22;25
2017-04-26;27;1;89;4;11;115;1;9;6;23
2017-04-27;7;2;8;1;4;7;0;4;19;4
2017-04-28;27;3;7;0;16;9;12;0;4;7
2017-04-29;7;0;2;0;4;0;5;0;1;1
2017-04-30;1;0;4;0;11;6;46;2;1;0
2017-05-01;10;1;1;0;14;4;7;2;5;4
2017-05-02;0;3;0;0;4;1;2;1;3;17
2017-05-03;22;4;6;10;13;18;1;7;13;4
2017-05-04;38;2;2;8;22;20;10;4;14;5
2017-05-05;47;0;3;3;70;40;1;0;6;18
2017-05-06;62;2;10;2;17;14;4;1;8;1
2017-05-07;101;2;2;1;7;10;1;0;1;3
2017-05-08;57;1;3;4;15;26;2;6;3;6
2017-05-09;35;0;8;3;42;37;0;11;14;3
2017-05-10;67;4;3;1;29;15;2;2;10;3
2017-05-11;10;6;2;3;14;17;1;1;11;8
2017-05-12;18;2;13;2;18;8;6;6;6;15
2017-05-13;6;2;3;0;15;1;1;3;1;12
2017-05-14;5;1;0;0;8;2;0;1;1;7
2017-05-15;5;3;1;1;11;10;1;4;3;1
2017-05-16;28;1;1;4;13;25;0;2;5;10
2017-05-17;16;3;7;2;30;16;3;4;9;18
2017-05-18;12;3;4;14;5;8;5;2;8;12
2017-05-19;10;3;1;2;2;22;2;2;20;15
2017-05-20;43;4;1;2;5;3;60;1;2;22
2017-05-21;13;0;5;1;2;0;1;1;2;6
2017-05-22;20;7;2;7;23;45;1;21;3;11
2017-05-23;20;11;10;3;21;36;1;3;23;17
2017-05-24;18;2;3;3;21;17;0;2;7;46
2017-05-25;22;1;1;12;31;18;4;1;6;40
2017-05-26;24;4;2;1;89;14;9;1;10;22
2017-05-27;22;1;3;3;48;5;192;1;4;6
2017-05-28;35;1;0;3;10;2;79;0;3;2
2017-05-29;685;3;1;3;25;16;52;1;20;17
2017-05-30;176;4;20;2;23;24;77;0;12;14
2017-05-31;39;1;5;1;14;19;19;2;12;20
2017-06-01;35;0;4;5;198;11;6;1;28;16
2017-06-02;31;7;6;3;54;19;7;2;6;14
2017-06-03;5;2;0;8;21;4;1;0;4;3
2017-06-04;10;0;1;42;14;6;3;0;3;9
2017-06-05;23;0;2;1;62;15;3;1;13;12
2017-06-06;11;0;2;19;21;8;19;13;13;10
2017-06-07;210;0;1;1;72;13;9;2;7;32
2017-06-08;58;7;5;2;38;18;1;3;431;26
2017-06-09;29;7;10;1;43;18;6;5;6;63
2017-06-10;0;0;0;1;0;1;1;0;0;0
2017-06-15;51;2;0;4;95;19;5;3;6;17
2017-06-16;99;2;5;9;88;34;8;11;7;19
2017-06-17;33;0;1;1;6;5;1;6;6;8
2017-06-18;26;2;2;0;15;10;1;4;0;3
2017-06-19;18;4;3;1;38;24;6;2;9;59
2017-06-20;60;4;15;5;158;31;2;3;10;21
2017-06-21;40;2;13;1;388;18;11;13;14;27
2017-06-22;34;15;12;3;161;9;6;12;16;54
2017-06-23;14;3;15;8;115;7;2;4;5;25
2017-06-24;7;3;6;3;39;7;2;3;2;8
2017-06-25;7;2;2;1;35;2;1;0;0;3
2017-06-26;40;1;2;0;36;9;2;12;3;24
2017-06-27;11;5;2;7;29;24;2;9;5;13
2017-06-28;11;9;3;7;26;16;2;1;7;26
2017-06-29;14;1;6;6;45;16;1;2;7;11
2017-06-30;69;4;3;3;53;10;2;3;20;12
2017-07-01;102;5;3;2;23;25;4;1;5;8
2017-07-02;67;2;19;1;142;8;9;0;5;4
2017-07-03;25;6;11;4;387;18;5;7;12;10
2017-07-04;16;6;7;1;94;29;3;7;10;27
2017-07-05;18;10;6;6;125;44;46;5;3;22
2017-07-06;37;26;9;7;94;151;197;1;14;30
2017-07-07;36;15;3;5;614;158;461;2;50;34
2017-07-08;3;1;3;62;49;19;24;1;9;7
2017-07-09;8;2;3;4;11;4;7;1;1;5
2017-07-10;45;11;9;4;46;29;10;8;2;27
2017-07-11;28;6;0;5;36;11;20;6;17;19
2017-07-12;41;19;6;12;46;28;16;2;7;26
2017-07-13;20;5;4;0;55;21;8;4;20;33
2017-07-14;24;4;5;5;20;29;2;3;8;8
2017-07-15;9;0;1;14;9;7;0;1;2;2
2017-07-16;38;0;3;6;8;5;0;3;2;8
2017-07-17;25;166;9;47;68;36;10;13;6;17
2017-07-18;19;10;15;2;46;43;34;2;8;12
2017-07-19;10;3;3;0;8;15;4;0;3;10
2017-08-01;9;2;2;0;9;7;2;0;0;0
2017-08-02;16;4;4;2;17;9;0;2;7;10
2017-08-03;29;3;3;3;8;16;0;7;8;12
2017-08-04;23;3;4;4;21;22;3;5;1;9
2017-08-05;9;0;0;0;7;13;4;3;0;4
2017-08-06;55;1;0;6;4;3;0;1;1;5
2017-08-07;47;2;5;3;18;40;7;1;3;22
2017-08-08;18;5;3;1;10;29;58;0;0;9
2017-08-09;26;4;3;0;12;16;65;2;0;9
2017-08-10;13;2;8;1;9;19;23;0;0;7
2017-08-11;13;1;6;1;11;20;6;0;6;1
2017-08-12;11;3;0;3;11;4;0;1;8;0
2017-08-13;3;1;0;1;8;5;2;1;3;0
2017-08-14;7;2;1;3;16;14;16;3;5;1
2017-08-15;5;12;2;3;2;30;4;4;4;1
2017-08-16;32;6;6;3;4;8;9;6;3;18
2017-08-17;16;2;6;1;8;7;26;1;6;3
2017-08-18;71;2;3;0;8;17;5;0;3;2
2017-08-19;25;1;2;0;0;3;1;1;1;0
2017-08-20;9;1;0;2;1;2;1;2;1;1
2017-08-21;17;5;4;0;20;12;3;2;3;4
2017-08-22;61;5;2;3;59;32;10;3;17;6
2017-08-23;24;0;3;1;40;10;4;1;4;13
2017-08-24;27;2;1;2;14;13;3;0;13;8
2017-08-25;6;0;3;1;19;8;52;1;10;2
2017-08-26;6;1;1;0;4;1;10;0;21;0
2017-08-27;7;0;0;1;2;3;4;1;1;0
2017-08-28;15;3;1;4;9;6;4;2;9;4
2017-08-29;42;2;0;1;5;7;2;0;8;2
2017-08-30;8;1;0;0;98;10;1;0;5;4
2017-08-31;7;8;2;0;60;11;17;0;2;5092
2017-09-01;14;1;1;1;49;22;5;2;8;4
2017-09-02;16;52;0;0;89;3;52;1;11;16
2017-09-03;7;13;0;0;10;1;13;1;1;1
2017-09-04;0;0;0;0;2;0;0;0;0;0
2017-09-05;17;2;9;3;215;27;7;9;3;15
2017-09-06;24;2;4;5;373;17;7;0;11;19
2017-09-07;50;2;1;7;104;375;89;6;6;3
2017-09-08;30;8;1;1;173;195;22;8;10;11
2017-09-09;9;4;2;1;47;36;16;2;5;11
2017-09-10;2;1;0;0;3;3;6;0;1;1
2018-06-11;15;2;3;0;8;9;2;3;3;4
2018-06-12;22;6;10;1;24;95;3;0;8;7
2018-06-13;42;15;2;1;48;19;7;4;15;14
2018-06-14;25;4;7;2;22;15;4;1;13;12
2018-06-15;22;19;8;3;50;16;23;1;30;38
2018-06-16;11;1;4;1;18;7;20;1;4;24
2018-06-17;8;33;2;0;26;12;5;0;6;15
2018-06-18;22;6;4;5;50;24;27;2;8;9
2018-06-19;18;4;4;3;32;15;10;2;26;20
2018-06-20;41;1;11;8;36;21;38;12;31;13
2018-06-21;65;8;13;10;33;16;6;0;23;27
2018-06-22;43;10;11;2;74;35;1;5;39;15
2018-06-23;9;1;7;0;13;10;6;8;12;0
2018-06-24;28;2;3;1;11;16;25;2;13;1
2018-06-25;28;12;3;7;33;28;6;9;18;15
2018-06-26;67;14;23;12;88;61;35;7;47;20
2018-06-27;40;7;12;11;47;21;7;2;55;26
2018-06-28;22;12;19;2;62;50;11;8;35;8
2018-06-29;60;11;4;8;33;48;6;6;30;8
2018-06-30;50;0;11;1;8;12;0;0;15;2
2018-07-01;14;10;0;0;20;10;1;0;8;3
2018-07-02;31;5;15;2;37;48;2;0;32;80
2018-07-03;27;6;5;5;11;30;3;2;12;27
2018-07-04;47;6;9;3;29;41;4;9;16;28
2018-07-05;51;6;28;13;30;37;15;15;24;15
2018-07-06;36;24;23;10;47;29;0;57;20;17
2018-07-07;19;9;16;0;8;31;3;5;16;8
2018-07-08;18;1;5;0;10;9;9;1;9;9
2018-07-09;35;29;30;0;29;45;5;26;20;9
2018-07-10;96;25;15;0;78;43;1;20;15;8
2018-07-11;68;21;13;2;55;32;13;26;43;129
2018-07-12;64;86;14;7;38;32;1;64;22;35
2018-07-13;43;51;17;3;49;50;2;12;50;47
2018-07-14;12;13;7;6;31;17;1;13;9;10
2018-07-15;22;2;7;8;20;186;2;3;2;22
2018-07-16;26;7;19;7;28;90;11;3;13;12
2018-07-17;42;6;6;13;83;83;3;26;13;17
2018-07-18;26;5;21;8;40;23;4;5;9;14
2018-07-19;97;18;19;4;49;64;8;16;37;27
2018-07-20;44;4;9;3;41;20;4;3;14;12
2018-07-21;2;1;5;3;6;2;0;1;3;0
2018-07-22;9;1;1;5;15;4;1;0;1;1
2018-07-23;36;17;3;3;39;39;12;6;16;16
2018-07-24;35;9;5;9;42;18;4;1;10;3
2018-07-25;72;55;7;7;47;20;3;7;21;23
2018-07-26;36;16;9;8;47;22;3;5;19;14
2018-07-27;31;24;8;13;64;36;9;6;41;16
2018-07-28;24;28;4;4;26;9;0;7;3;3
2018-07-29;18;18;3;1;11;3;3;1;4;2
2018-07-30;49;82;6;5;68;44;8;4;10;11
2018-07-31;54;26;6;2;45;18;1;14;21;15
2018-08-01;59;66;39;34;87;251;2;9;57;56
2018-08-02;59;53;11;30;94;204;3;5;55;81
2018-08-03;197;55;7;87;201;99;5;1;89;27
2018-08-04;50;30;2;3;31;46;14;19;49;10
2018-08-05;29;17;6;0;27;19;3;1;3;4
2018-08-06;36;23;12;3;94;26;8;2;29;18
2018-08-07;48;10;17;16;94;34;10;4;20;11
2018-08-08;84;19;12;10;26;36;18;11;41;34
2018-08-09;45;17;16;5;64;43;15;2;32;1
2018-08-10;42;10;37;16;52;33;7;2;36;13
2018-08-11;31;9;9;4;19;9;3;5;32;9
2018-08-12;25;21;5;2;31;7;0;1;27;16
2018-08-13;60;11;27;19;24;78;27;4;38;22
2018-08-14;62;10;10;12;32;39;2;2;19;6
2018-08-15;53;51;4;7;12;4;2;2;12;0
2018-08-16;104;41;2;4;22;15;6;0;6;23
2018-08-17;72;29;4;15;33;21;11;0;4;18
2018-08-18;17;10;3;1;10;2;3;0;7;3
2018-08-19;60;2;18;3;6;15;1;0;5;3
2018-08-20;178;12;2;6;68;22;3;0;64;6
2018-08-21;26;4;6;4;65;24;13;0;13;7
2018-08-22;244;23;53;18;56;40;15;15;35;27
2018-08-23;71;31;12;8;45;5;25;5;30;13
2018-08-24;80;20;9;54;117;107;25;9;23;119
2018-08-25;160;12;5;19;25;50;10;1;6;21
2018-08-26;54;8;2;6;38;18;3;2;15;3
2018-08-27;128;9;4;8;87;65;34;8;74;39
2018-08-28;40;42;16;10;35;13;17;20;18;8
2018-08-29;51;23;49;4;42;21;0;14;14;35
2018-08-30;57;9;11;33;38;37;8;4;20;16
2018-08-31;64;7;8;19;228;53;34;10;13;67
2018-09-01;22;6;5;3;28;9;5;4;12;23
2018-09-02;23;14;7;1;15;8;11;3;16;9
2018-09-03;36;19;1;3;28;11;3;4;32;12
2018-09-04;25;4;10;2;38;31;4;1;38;40
2018-09-05;33;14;13;1;68;115;6;1;17;26
2018-09-06;20;49;8;1;16;62;19;0;12;89
2018-09-07;29;22;27;11;22;38;16;3;20;18
2018-09-08;18;10;3;0;11;2;0;2;4;4
2018-09-09;63;3;2;8;1;10;4;2;11;0
2018-09-10;105;7;12;3;33;22;16;2;21;29
2018-09-11;33;19;21;1;22;24;31;5;17;79
2018-09-12;78;10;9;1;19;10;9;8;28;30
2018-09-13;106;3;15;11;34;59;26;9;90;17
2018-09-14;89;7;32;7;59;322;17;4;10;26
2018-09-15;36;9;4;2;7;449;15;0;8;4
2018-09-16;22;7;17;2;14;133;12;1;23;18
2018-09-17;90;56;11;20;36;56;10;6;271;49
2018-09-18;42;4;12;2;17;33;13;1;18;51
2018-09-19;71;10;21;31;38;102;9;1;27;49
2018-09-20;58;12;25;6;40;104;12;5;19;28
2018-09-21;81;20;79;18;32;70;16;24;21;28
2018-09-22;42;13;28;9;8;22;2;7;14;22
2018-09-23;23;8;15;6;7;7;3;2;3;5
2018-09-24;77;24;12;15;56;348;26;7;47;77
2018-09-25;44;27;26;14;49;446;6;1;175;55
2018-09-26;45;10;139;50;37;121;6;11;46;27
2018-09-27;55;18;32;10;22;87;18;0;36;18
2018-09-28;72;25;18;14;29;74;23;7;23;22
2018-09-29;39;14;11;4;6;47;2;17;8;12
2018-09-30;13;7;9;0;20;9;0;0;21;7
2018-10-01;46;25;31;15;34;212;21;0;24;394
2018-10-02;55;18;25;8;10;63;8;8;22;87
2018-10-03;64;7;13;2;42;201;16;9;31;38
2018-10-04;70;20;10;2;40;87;7;7;15;11
2018-10-05;95;6;11;2;19;78;12;4;28;20
2018-10-06;35;2;18;0;9;3;4;0;9;9
2018-10-07;31;21;30;9;13;16;16;9;215;11
2018-10-08;29;2;9;2;21;28;3;4;86;42
2018-10-09;120;6;9;6;12;41;8;24;53;18
2018-10-10;126;15;20;11;17;132;5;17;34;61
2018-10-11;63;2;8;19;31;96;10;1;58;67
2018-10-12;26;14;13;0;9;15;1;2;8;20
2018-10-13;43;4;9;0;7;15;2;1;7;8
2018-10-14;50;4;3;0;16;8;6;2;10;15
2018-10-15;168;18;20;14;29;203;36;27;100;62
2018-10-16;50;5;9;3;19;92;13;13;9;28
2018-10-17;144;37;10;17;77;115;32;9;47;72
2018-10-18;177;15;21;12;31;37;9;1;18;12
2018-10-19;104;15;22;9;57;16;23;13;89;36
2018-10-20;38;10;64;4;21;291;3;9;17;17
2018-10-21;8;3;6;0;7;126;2;3;1;1
2018-10-22;39;9;59;10;14;57;6;3;30;19
2018-10-23;33;10;109;6;39;33;22;17;16;38
2018-10-24;31;3;37;12;26;171;15;18;24;76
2018-10-25;77;1;39;14;27;48;11;5;13;34
2018-10-26;40;39;17;9;45;154;11;6;38;217
2018-10-27;22;38;10;2;11;8;1;1;8;14
2018-10-28;9;0;21;1;13;8;7;0;4;2
2018-10-29;48;2;39;33;52;84;5;1;7;32
2018-10-30;95;25;35;8;187;93;16;5;45;578
2018-10-31;52;19;27;3;39;47;10;8;17;97
2018-11-01;32;0;9;0;15;3;3;1;4;11
2018-11-02;50;10;16;2;10;9;6;0;23;26
2018-11-03;32;13;13;0;3;2;0;2;11;2
2018-11-04;66;10;13;1;11;2;18;0;8;10
2018-11-05;94;20;15;15;122;23;16;1;56;18
2018-11-06;105;36;15;14;63;64;7;0;31;30
2018-11-07;35;27;16;4;41;53;58;0;33;18
2018-11-08;22;375;11;2;10;37;16;1;35;12
2018-11-09;13;14;4;0;16;17;2;1;1;12
2018-11-10;32;5;2;0;13;6;14;1;8;22
2018-11-11;7;3;3;2;9;11;3;1;3;8
2018-11-12;37;13;7;3;11;30;1;27;28;37
2018-11-13;18;5;12;4;10;29;9;4;14;9
2018-11-14;48;2;9;21;14;97;2;11;9;31
2018-11-15;31;4;18;8;13;35;5;8;12;19
2018-11-16;62;10;13;23;31;34;10;1;11;14
2018-11-17;105;2;5;6;10;16;8;0;8;7
2018-11-18;78;3;6;3;10;18;3;0;20;25
2018-11-19;26;11;4;3;69;260;5;7;29;17
2018-11-20;16;24;16;6;34;18;15;2;22;13
2018-11-21;35;10;8;4;33;278;2;2;77;110
2018-11-22;31;9;21;0;20;433;15;5;25;52
2018-11-23;113;13;15;13;96;413;10;2;32;37
2018-11-24;75;4;11;8;43;64;8;1;35;11
2018-11-25;9;5;23;3;13;30;2;0;26;2
2018-11-26;27;14;30;1;8;39;12;3;24;54
2018-11-27;44;37;12;16;44;41;5;1;24;31
2018-11-28;54;18;11;14;13;50;9;6;13;87
2018-11-29;537;5;19;5;43;116;10;5;15;48
2018-11-30;331;29;54;2;112;136;10;1;49;113
2018-12-01;129;30;13;5;38;13;50;2;54;29
2018-12-02;46;18;51;1;36;3;7;2;11;17
2018-12-03;60;9;17;2;37;36;2;1;19;11
2018-12-04;20;5;7;13;7;53;5;3;13;23
2018-12-05;69;8;14;16;13;59;7;2;19;39
2018-12-06;12;5;12;1;0;7;1;0;6;8
2018-12-07;31;12;7;6;4;16;4;0;11;21
2018-12-08;20;3;5;0;7;24;3;0;4;7
2018-12-09;7;2;1;0;2;58;30;1;7;11
2018-12-10;22;9;9;7;4;70;5;21;40;44
2018-12-11;25;3;1;2;17;20;4;2;16;30
2018-12-12;34;6;37;24;253;260;50;2;13;43
2018-12-13;108;12;26;3;54;59;8;2;21;34
2018-12-14;124;4;8;8;21;32;99;16;54;8
2018-12-15;69;11;7;6;8;15;133;2;5;11
2018-12-16;50;25;7;4;1;10;16;4;10;1
2018-12-17;48;9;4;15;12;19;6;9;31;16
2018-12-18;26;7;4;7;31;27;10;0;11;33
2018-12-19;45;1;9;3;27;26;3;1;5;82
2018-12-20;32;13;26;5;20;45;2;4;4;26
2018-12-21;23;10;12;22;11;77;11;0;4;11
2018-12-22;13;1;11;5;6;13;8;0;0;2
2018-12-23;31;0;2;3;18;27;4;0;19;4
2018-12-24;3;1;4;0;2;10;0;0;2;21
2018-12-25;7;0;1;0;1;3;0;0;1;4
2018-12-26;8;5;6;1;9;15;15;0;3;10
2018-12-27;28;1;1;1;10;14;3;1;8;12
2018-12-28;32;6;63;12;6;11;3;0;6;47
2018-12-29;24;14;8;3;0;1;3;2;4;5
2018-12-30;25;2;0;2;0;18;6;0;1;12
2018-12-31;14;4;5;5;6;9;3;0;7;10
2019-01-01;20;3;6;0;3;11;2;0;9;24
2019-01-02;17;3;0;5;27;12;0;1;22;43
2019-01-03;12;1;5;1;7;9;4;0;13;20
2019-01-04;11;1;14;0;13;11;7;0;2;9
2019-01-05;25;14;3;0;9;5;0;0;11;13
2019-01-06;8;3;4;0;11;2;1;0;5;4
2019-01-07;5;1;1;1;9;2;0;14;2;2
2019-01-08;36;13;16;1;6;269;8;247;1;30
2019-01-09;35;5;5;7;27;210;11;127;50;30
2019-01-10;43;0;12;1;10;38;4;10;31;79
2019-01-11;66;4;17;27;28;27;4;3;8;31
2019-01-12;30;1;6;2;7;11;1;2;8;3
2019-01-13;17;5;4;0;5;4;0;0;3;5
2019-01-14;17;3;12;2;11;195;5;10;5;18
2019-01-15;16;5;6;6;13;43;6;0;7;21
2019-01-16;19;5;6;2;6;99;4;4;25;33
2019-01-17;22;3;13;4;19;86;29;2;12;74
2019-01-18;48;5;5;10;13;23;7;7;33;13
2019-01-19;42;0;2;26;14;3;0;0;5;2
2019-01-20;7;2;2;17;41;255;6;0;18;0
2019-01-21;17;4;0;3;13;35;6;7;16;46
2019-01-22;75;0;4;14;23;7;4;8;13;23
2019-01-23;41;2;6;4;22;20;12;77;17;21
2019-01-24;14;4;5;1;13;26;15;39;19;17
2019-01-25;1256;142;5;8;38;30;19;93;4;51
2019-01-26;904;63;1;0;10;3;5;35;4;12
2019-01-27;164;93;4;9;4;4;3;34;4;7
2019-01-28;57;363;4;6;25;35;8;10;10;96
2019-01-29;32;185;25;7;37;29;7;15;21;75
2019-01-30;24;86;2;19;9;33;5;7;12;18
2019-01-31;29;52;2;9;29;23;4;4;24;21
2019-02-01;42;62;15;7;15;52;20;6;48;79
2019-02-02;17;18;10;4;2;6;1;3;34;6
2019-02-03;68;73;0;5;5;18;3;9;2;10
2019-02-04;21;68;13;35;10;218;2;4;12;256
2019-02-05;25;52;33;68;23;123;5;8;5;95
2019-02-06;39;115;5;59;9;34;6;1;12;18
2019-02-07;24;136;7;6;11;27;7;9;75;11
2019-02-08;23;59;9;44;113;98;21;29;28;41
2019-02-09;15;76;11;8;46;26;6;4;6;13
2019-02-10;11;89;8;7;6;5;0;2;3;11
2019-02-11;14;48;11;14;11;57;11;16;19;37
2019-02-12;28;88;29;38;81;88;6;2;25;97
2019-02-13;24;75;5;19;83;38;8;5;14;27
2019-02-14;122;42;12;22;34;48;17;19;27;29
2019-02-15;177;79;34;566;69;154;10;6;14;69
2019-02-16;34;30;9;829;19;60;1;3;32;58
2019-02-17;14;48;9;324;34;66;1;9;11;11
2019-02-18;64;102;8;40;89;95;11;23;14;11
2019-02-19;81;16;6;22;11;221;146;16;15;121
2019-02-20;59;29;12;35;42;49;579;7;20;13
2019-02-21;161;14;12;21;58;28;25;11;10;112
2019-02-22;184;19;25;26;25;94;31;28;22;54
2019-02-23;144;19;17;3;26;11;11;6;4;8
2019-02-24;33;18;12;18;44;25;2;22;5;11
2019-02-25;27;14;129;22;20;57;4;11;47;12
2019-02-26;43;109;1351;3;165;36;152;5;20;13
2019-02-27;36;58;620;14;144;75;122;11;11;61
2019-02-28;37;25;67;5;81;51;47;25;19;26
2019-03-01;167;17;16;13;290;73;22;10;14;49
2019-03-02;75;45;52;7;46;26;7;2;6;22
2019-03-03;24;32;2;4;45;6;8;0;6;4
2019-03-04;28;45;2;3;23;107;7;3;5;13
2019-03-05;18;15;6;15;20;34;12;2;5;6
2019-03-06;19;16;6;6;39;48;10;1;60;10
2019-03-07;58;27;6;3;25;32;7;1;35;5
2019-03-08;48;15;7;6;15;16;3;7;5;13
2019-03-09;24;6;3;2;4;8;1;2;5;2
2019-03-10;12;9;4;18;10;22;15;2;25;1
2019-03-11;19;19;4;12;15;58;12;4;20;10
2019-03-12;23;39;6;4;12;15;17;5;5;7
2019-03-13;70;34;14;3;19;25;11;3;5;18
2019-03-14;60;6;13;1;16;29;5;7;24;35
2019-03-15;11;9;4;3;12;31;2;17;4;8
2019-03-16;13;8;2;4;2;13;3;5;3;8
2019-03-17;5;5;2;1;17;72;5;0;0;37
2019-03-18;27;56;8;5;15;14;5;23;3;135
2019-03-19;31;14;3;5;24;33;8;2;11;58
2019-03-20;690;77;8;10;140;363;19;10;20;51
2019-03-21;290;44;17;14;32;110;12;9;6;78
2019-03-22;94;16;1;7;46;56;12;14;9;31
2019-03-23;87;17;1;16;21;12;53;1;3;5
2019-03-24;49;23;3;1;61;13;18;5;1;4
2019-03-25;44;19;35;2;46;94;8;0;19;22
2019-03-26;61;13;12;27;184;87;15;1;9;70
2019-03-27;28;9;11;29;44;43;14;1;40;34
2019-03-28;32;12;17;2;56;80;10;19;25;42
2019-03-29;16;23;6;1;60;35;5;5;15;42
2019-03-30;236;12;6;1;8;7;1;0;2;20
2019-03-31;1231;5;0;4;7;13;0;0;1;5
2019-04-01;242;11;5;8;53;80;22;2;17;70
2019-04-02;40;9;1;7;53;23;8;1;19;72
2019-04-03;69;7;3;2;22;19;2;0;35;50
2019-04-04;18;24;3;2;33;25;24;1;17;107
2019-04-05;16;33;5;12;48;34;1;3;7;81
2019-04-06;37;6;0;9;13;37;11;1;9;15
2019-04-07;21;5;1;7;3;17;4;0;0;12
2019-04-08;29;312;7;15;34;445;20;7;17;257
2019-04-09;55;49;23;4;54;81;15;31;24;52
2019-04-10;25;8;11;1;131;40;34;25;26;75
2019-04-11;37;11;3;1;41;175;31;5;16;39
2019-04-12;26;13;2;27;24;48;3;2;30;80
2019-04-13;34;8;11;10;13;112;11;9;10;15
2019-04-14;6;18;0;31;4;8;11;0;3;28
2019-04-15;21;5;2;4;17;27;9;0;21;17
2019-04-16;38;2;0;1;7;74;2;5;11;9
2019-04-17;12;2;4;2;9;28;0;0;6;8
2019-04-18;5;1;0;0;16;3;1;3;2;1
2019-04-19;10;3;0;1;0;5;1;1;0;3
2019-04-20;1;2;0;0;1;55;0;0;5;0
2019-04-21;11;6;0;0;10;7;2;0;5;1
2019-04-22;23;1703;18;1;31;9;1;0;23;15
2019-04-23;28;834;7;0;37;45;7;0;3;15
2019-04-24;51;294;22;22;48;83;19;1;8;19
2019-04-25;17;201;138;6;25;32;7;20;19;11
2019-04-26;13;281;102;8;59;65;9;12;29;18
2019-04-27;9;63;10;2;9;20;4;1;6;4
2019-04-28;4;446;6;0;8;8;0;7;2;4
2019-04-29;8;282;3;10;12;44;0;1;3;8
2019-04-30;31;77;2;10;23;11;3;0;24;6
2019-05-01;11;11;1;2;6;0;3;0;2;1
2019-05-02;5;15;1;1;4;5;0;3;4;2
2019-05-03;18;25;4;1;5;4;4;0;13;5
2019-05-04;15;24;1;0;7;2;0;2;2;2
2019-05-05;8;8;2;5;5;8;0;0;5;5
2019-05-06;37;18;1;8;9;30;23;2;16;3
2019-05-07;69;1033;14;2;45;45;23;0;30;47
2019-05-08;87;358;359;11;69;146;16;1;21;25
2019-05-09;48;56;116;7;33;36;35;31;13;10
2019-05-10;111;18;29;11;108;58;43;23;32;21
2019-05-11;76;28;8;2;38;10;4;1;6;7
2019-05-12;400;150;4;0;35;230;5;0;3;12
2019-05-13;175;98;30;3;52;35;9;3;25;15
2019-05-14;58;31;6;21;34;25;7;2;155;27
2019-05-15;49;30;11;10;65;12;10;3;36;7
2019-05-16;43;33;14;9;87;20;10;11;23;59
2019-05-17;20;54;5;105;75;49;1;16;10;13
2019-05-18;12;34;3;12;14;38;0;2;6;2
2019-05-19;7;24;9;31;25;30;14;3;4;8
2019-05-20;59;43;19;4;75;63;9;11;13;23
2019-05-21;55;40;67;5;118;32;17;2;9;15
2019-05-22;38;175;26;7;286;35;2;126;11;17
2019-05-23;33;48;30;2;57;108;5;22;24;41
2019-05-24;65;32;37;100;31;63;23;3;47;45
2019-05-25;19;20;15;17;14;4;4;1;11;8
2019-05-26;12;14;9;9;18;10;3;1;1;2
2019-05-27;8;40;8;4;15;95;8;34;15;181
2019-05-28;8;46;3;14;13;57;22;10;19;25
2019-05-29;30;95;7;10;17;38;6;3;6;26
2019-05-30;26;126;7;24;30;45;19;2;8;19
2019-05-31;22;179;7;6;22;35;31;2;18;12
2019-06-01;26;140;9;1;7;12;16;3;3;4
2019-06-02;19;21;3;0;8;3;6;1;0;2
2019-06-03;83;22;11;20;13;56;15;3;21;97
2019-06-04;104;20;7;13;27;39;7;2;18;45
2019-06-05;50;10;27;0;20;25;9;5;3;10
2019-06-06;18;6;16;76;17;11;1;1;6;9
2019-06-07;42;10;24;32;39;64;43;7;12;9
2019-06-08;22;2;17;8;6;17;8;6;0;0
2019-06-09;12;3;11;4;15;11;9;1;4;2
2019-06-10;16;7;6;9;11;84;20;1;14;13
2019-06-11;401;24;13;7;11;66;9;3;20;19
2019-06-12;37;11;5;4;11;17;10;3;6;22
2019-06-13;36;7;2;0;6;16;8;7;12;17
2019-06-14;36;6;6;4;11;19;6;3;27;13
2019-06-15;8;1;5;0;4;5;4;2;0;119
2019-06-16;9;2;3;1;10;12;2;0;4;58
2019-06-17;15;3;7;4;35;7;8;29;19;31
2019-06-18;27;11;7;31;39;31;5;10;24;58
2019-06-19;22;7;6;21;24;38;19;31;31;29
2019-06-20;21;4;2;19;13;34;9;6;81;14
2019-06-21;58;20;4;17;24;31;15;15;52;24
2019-06-22;9;0;4;1;9;7;1;0;5;4
2019-06-23;5;2;0;2;5;3;4;1;5;2
2019-06-24;20;11;10;10;19;45;17;20;13;22
2019-06-25;32;6;16;18;30;36;13;6;38;33
2019-06-26;69;10;10;11;98;37;22;10;24;79
2019-06-27;56;2;12;5;35;82;12;2;54;37
2019-06-28;54;23;23;54;199;53;21;76;51;52
2019-06-29;23;7;3;9;15;5;4;5;2;5
2019-06-30;25;5;5;0;12;7;1;1;5;10
2019-07-01;56;22;254;27;35;146;3;22;50;68
2019-07-02;135;18;39;22;44;290;10;12;22;34
2019-07-03;307;9;18;10;18;91;31;38;41;54
2019-07-04;78;4;9;9;498;141;8;15;39;34
2019-07-05;57;35;7;19;172;41;17;5;40;32
2019-07-06;20;18;6;1;43;23;3;0;21;7
2019-07-07;27;2;5;4;5;5;3;0;8;10
2019-07-08;65;7;5;21;20;26;17;8;28;43
2019-07-09;92;13;6;4;22;32;15;19;52;28
2019-07-10;156;40;1;53;155;47;40;18;25;38
2019-07-11;108;60;15;52;18;64;70;5;19;26
2019-07-12;112;32;12;58;30;88;43;20;39;74
2019-07-13;26;4;2;8;6;10;9;0;4;5
2019-07-14;13;5;2;1;4;17;1;1;2;5
2019-07-15;66;5;16;28;55;125;9;22;32;47
2019-07-16;40;18;25;3;113;38;4;15;21;32
2019-07-17;185;30;32;61;80;81;20;16;47;56
2019-07-18;143;22;15;36;89;79;11;10;22;30
2019-07-19;73;24;44;25;174;86;5;7;42;75
2019-07-20;33;3;6;26;33;12;2;1;10;8
2019-07-21;35;15;19;4;117;23;4;79;40;28
2019-07-24;16;5;4;1;0;0;0;0;0;1
2019-07-25;67;13;5;22;240;34;7;4;20;41
2019-07-26;130;31;14;51;336;157;12;14;97;174
2019-07-27;32;11;1;8;32;34;4;0;2;45
2019-07-28;10;7;3;1;15;27;1;2;41;19
2019-07-29;68;7;11;14;22;111;5;18;15;40
2019-07-30;17;6;3;5;13;37;5;0;15;22
2019-07-31;52;21;2;9;47;15;8;4;19;16
2019-08-01;74;37;4;6;89;65;41;25;29;83
2019-08-02;76;28;22;21;55;361;63;11;28;78
2019-08-03;25;37;6;9;23;139;5;13;6;18
2019-08-04;49;17;10;6;23;42;20;0;19;18
2019-08-05;149;27;18;5;70;112;22;4;102;57
2019-08-06;58;37;299;7;241;67;12;11;39;75
2019-08-07;93;70;414;28;84;38;22;22;20;211
2019-08-08;78;43;59;30;23;32;18;5;37;60
2019-08-09;99;33;27;24;62;44;29;39;53;59
2019-08-10;91;72;5;4;69;10;22;2;19;18
2019-08-11;33;70;3;2;16;4;1;0;2;4
2019-08-12;32;11;9;7;25;16;16;4;7;20
2019-08-13;95;4;82;8;20;9;9;5;5;40
2019-08-14;26;8;13;5;11;31;3;1;1;6
2019-08-15;11;2;3;0;9;21;5;4;0;2
2019-08-16;62;11;5;10;13;20;9;4;99;24
2019-08-17;39;4;2;26;12;10;8;12;45;15
2019-08-18;15;1;5;3;7;13;1;1;17;8
2019-08-19;99;3;5;8;25;13;6;0;19;36
2019-08-20;29;2;7;9;13;13;7;1;16;11
2019-08-21;30;20;3;17;40;13;24;5;27;29
2019-08-22;55;19;5;14;84;30;19;2;26;24
2019-08-23;29;2;11;26;31;23;20;3;29;14
2019-08-24;14;3;2;17;7;6;2;0;13;4
2019-08-25;18;8;7;11;4;16;9;3;9;8
2019-08-26;175;6;24;55;156;256;111;5;256;26
2019-08-27;71;18;20;19;27;99;17;10;191;28
2019-08-28;65;7;15;6;13;26;58;4;8;13
2019-08-29;47;36;8;24;12;22;8;2;3;13
2019-08-30;69;69;14;38;80;28;22;5;11;25
2019-08-31;40;6;2;6;31;12;2;2;3;7
2019-09-01;41;3;2;5;14;12;7;1;7;4
2019-09-02;62;11;18;12;43;37;16;7;21;11
2019-09-03;30;7;6;4;29;24;8;110;18;8
2019-09-04;44;14;14;4;23;25;36;13;22;75
2019-09-05;23;9;9;4;19;23;22;0;7;27
2019-09-06;21;9;3;20;29;20;16;1;3;12
2019-09-07;31;4;6;9;13;9;3;3;1;4
2019-09-08;12;3;3;18;5;6;0;0;11;5
2019-09-09;29;10;7;19;76;138;11;13;26;18
2019-09-10;126;17;15;10;23;100;13;2;17;15
2019-09-11;83;8;14;9;28;37;5;4;1;10
2019-09-12;75;11;8;3;20;40;2;4;13;19
2019-09-13;127;8;22;32;76;30;14;11;15;30
2019-09-14;48;16;27;13;36;5;3;0;9;5
2019-09-15;30;9;16;4;20;11;6;0;278;5
2019-09-16;20;10;27;13;27;50;39;9;27;24
2019-09-17;32;9;13;3;28;41;22;2;21;30
2019-09-18;35;6;19;4;24;62;56;0;19;14
2019-09-19;68;3;9;3;51;50;18;12;49;13
2019-09-20;95;260;173;57;861;342;107;35;168;109
2019-09-21;34;36;20;19;512;62;16;9;29;18
2019-09-22;34;38;3;16;109;6;0;1;5;1
2019-09-23;82;22;12;13;40;64;28;9;42;30
2019-09-24;25;3;24;5;77;30;5;1;11;20
2019-09-25;105;5;16;6;29;63;27;1;71;17
2019-09-26;155;10;7;26;49;69;24;1;55;15
2019-09-27;46;7;9;16;55;133;17;2;81;23
2019-09-28;10;10;2;3;13;29;1;0;8;6
2019-09-29;16;3;2;2;15;29;2;15;2;3
2019-09-30;66;3;9;6;27;45;42;13;7;24
2019-10-01;51;3;14;53;35;49;10;4;26;84
2019-10-02;14;5;27;25;19;44;0;8;8;65
2019-10-03;39;2;37;46;25;65;4;10;15;14
2019-10-04;37;3;11;12;30;71;4;2;21;13
2019-10-05;22;19;2;9;23;16;2;4;3;17
2019-10-06;13;3;7;15;16;1;5;0;1;6
2019-10-07;44;4;9;1;16;33;8;3;21;14
2019-10-08;41;17;21;9;8;26;3;1;18;34
2019-10-09;41;84;33;21;16;32;7;1;12;30
2019-10-10;30;36;19;2;23;25;9;1;20;14
2019-10-11;27;2;3;9;27;120;7;16;52;21
2019-10-12;7;1;0;3;1;23;0;8;5;4
2019-10-14;89;5;2;1;13;16;2;0;10;22
2019-10-15;322;0;4;2;31;80;7;0;17;13
2019-10-16;65;9;7;1;54;29;3;9;27;6
2019-10-17;79;44;30;9;17;27;6;5;22;36
2019-10-18;129;10;14;4;34;43;6;7;35;27
2019-10-19;35;2;2;5;8;15;0;0;6;4
2019-10-20;15;2;3;5;1;14;10;0;5;2
2019-10-21;15;17;1;4;17;71;4;16;3;87
2019-10-22;50;7;14;4;24;22;7;2;9;32
2019-10-23;34;4;9;18;84;26;20;5;31;35
2019-10-24;44;8;9;12;34;84;1;7;16;112
2019-10-25;50;3;15;3;33;40;4;1;12;19
2019-10-26;30;20;6;3;4;1;0;0;12;9
2019-10-27;27;1;1;6;2;18;12;1;5;3
2019-10-28;33;6;1;10;15;19;8;12;21;7
2019-10-29;26;13;16;9;18;24;3;5;20;11
2019-10-30;15;10;7;2;23;112;9;1;16;11
2019-10-31;104;15;8;4;19;21;3;6;21;210
2019-11-01;25;4;1;2;3;7;5;1;4;14
2019-11-02;21;21;2;2;52;6;3;1;1;1
2019-11-03;4;11;1;2;11;1;1;0;1;5
2019-11-04;66;3;2;3;17;47;7;5;20;11
2019-11-05;33;14;0;1;6;18;1;0;8;16
2019-11-06;28;26;7;8;4;39;17;1;15;55
2019-11-07;19;18;3;6;10;15;6;4;13;13
2019-11-08;18;15;1;5;57;45;9;9;17;47
2019-11-09;21;10;3;0;1;4;7;0;3;10
2019-11-10;4;4;1;1;28;0;6;2;6;1
2019-11-11;34;3;7;2;15;29;6;2;16;137
2019-11-12;36;4;20;1;12;126;3;2;24;36
2019-11-13;23;7;142;7;17;35;5;5;167;20
2019-11-14;29;3;59;1;13;24;14;0;13;12
2019-11-15;38;2;28;8;321;39;11;9;46;26
2019-11-16;4;3;14;22;101;12;1;9;7;10
2019-11-17;9;2;4;1;10;6;1;0;4;5
2019-11-18;51;5;19;13;11;98;8;0;9;22
2019-11-19;28;13;12;1;10;21;4;2;6;28
2019-11-20;16;7;29;47;4;13;3;36;17;39
2019-11-21;28;9;7;603;10;17;2;7;6;9
2019-11-22;154;7;8;2125;32;69;12;8;10;8
2019-11-23;65;25;9;291;14;29;3;15;7;7
2019-11-24;18;20;0;38;2;1;0;0;4;4
2019-11-25;22;6;12;14;24;17;7;2;11;35
2019-11-26;16;13;4;6;25;18;2;1;9;7
2019-11-27;27;30;7;7;27;27;1;1;4;17
2019-11-28;23;4;6;10;9;19;1;0;7;22
2019-11-29;39;8;3;5;66;16;5;10;11;16
2019-11-30;34;4;2;1;16;4;0;0;2;3
2019-12-01;29;1;4;1;10;14;2;6;2;27
2019-12-02;32;18;14;5;6;17;8;46;3;46
2019-12-03;30;9;9;15;14;12;1;30;5;7
2019-12-04;33;22;17;5;20;14;11;15;7;130
2019-12-05;23;15;16;13;4;5;106;9;5;14
2019-12-06;44;9;12;3;8;43;196;1;6;11
2019-12-07;18;3;19;0;8;10;19;1;8;3
2019-12-08;8;1;2;0;7;3;8;2;0;2
2019-12-09;25;5;3;1;15;5;11;1;1;6
2019-12-10;79;0;1;0;17;21;4;19;8;11
2019-12-11;101;10;10;12;9;35;15;9;7;8
2019-12-12;58;29;11;18;22;37;4;1;5;24
2019-12-13;23;12;145;3;8;17;2;6;10;15
2019-12-14;20;13;14;0;3;5;6;1;7;5
2019-12-15;18;5;3;0;0;4;3;1;0;1
2019-12-16;43;5;4;4;6;3;2;9;3;44
2019-12-17;64;5;92;4;21;13;6;7;4;12
2019-12-18;51;25;47;5;13;18;10;3;8;6
2019-12-19;36;9;8;4;15;22;9;1;45;7
2019-12-20;21;5;7;4;23;10;53;0;45;216
2019-12-21;11;1;4;2;7;4;6;2;5;378
2019-12-22;5;4;2;1;6;6;0;1;30;167
2019-12-23;10;5;10;60;4;11;1;11;5;18
2019-12-24;12;4;1;17;0;4;1;2;4;3
2019-12-25;3;1;0;1;1;0;2;2;0;1
2019-12-26;5;2;3;9;6;15;1;1;4;3
2019-12-27;36;1;27;1;9;8;0;4;0;5
2019-12-28;11;1;52;45;5;7;1;1;1;6
2019-12-29;20;3;53;12;1;9;1;0;124;6
2019-12-30;6;11;0;14;3;10;0;1;11;6
2019-12-31;13;12;1;3;5;0;0;2;4;9
2020-01-01;2;15;1;9;2;1;3;2;5;1
2020-01-02;3;6;3;5;15;5;0;3;10;5
2020-01-03;3;5;3;10;10;6;4;0;12;3
2020-01-04;2;2;3;7;4;3;3;2;3;7
2020-01-05;11;2;2;4;1;8;13;6;16;9
2020-01-06;3;2;1;15;0;13;5;6;7;2
2020-01-07;4;1;3;37;7;6;2;5;4;4
2020-01-08;21;8;94;118;6;3;3;5;7;1
2020-01-09;24;3;12;74;6;7;11;9;4;2
2020-01-10;7;23;7;61;28;8;8;8;4;15
2020-01-11;3;8;3;26;18;4;4;3;4;2
2020-01-12;5;3;6;44;3;7;0;3;2;13
2020-01-13;44;82;4;1121;20;13;21;27;6;14
2020-01-14;46;44;6;517;56;15;7;1;16;15
2020-01-15;29;21;5;130;16;9;3;11;29;28
2020-01-16;22;28;14;68;10;9;9;0;7;14
2020-01-17;16;23;5;94;15;48;1;0;5;29
2020-01-18;11;9;3;57;3;11;3;2;4;2
2020-01-19;12;4;6;65;2;8;0;1;1;3
2020-01-20;11;10;3;38;2;71;5;13;6;13
2020-01-21;40;6;16;19;26;20;3;35;3;4
2020-01-22;13;4;2;11;13;4;0;11;6;12
2020-01-23;48;5;6;35;8;55;7;11;5;15
2020-01-24;40;10;10;57;6;109;9;6;209;12
2020-01-25;8;2;6;6;7;70;0;3;5;3
2020-01-26;7;1;1;5;9;7;2;2;3;3
2020-01-27;19;6;3;12;8;18;3;4;24;3
2020-01-28;57;18;16;38;19;9;2;5;12;7
2020-01-29;30;15;6;20;27;9;2;10;0;10
2020-01-30;17;2;2;8;37;9;2;76;19;13
2020-01-31;18;17;3;18;13;23;1;225;9;19
2020-02-01;14;10;3;17;6;12;0;46;7;2
2020-02-02;10;4;1;26;3;1;5;12;1;2
2020-02-03;34;3;3;12;12;12;13;3;4;13
2020-02-04;14;5;7;7;4;10;6;3;2;25
2020-02-05;11;5;8;29;16;10;158;0;1;38
2020-02-06;16;4;3;14;6;12;33;3;3;15
2020-02-07;6;3;18;9;8;27;32;1;8;5
2020-02-08;6;1;7;4;3;2;43;6;1;4
2020-02-09;10;0;1;2;4;4;34;0;6;3
2020-02-10;11;19;4;44;7;10;29;0;7;3
2020-02-11;16;8;5;18;7;10;11;2;19;8
2020-02-12;14;4;8;6;11;19;58;1;7;10
2020-02-13;20;11;8;11;19;17;53;2;5;3
2020-02-14;17;26;8;9;15;12;4;3;13;7
2020-02-15;9;5;0;2;4;8;1;2;6;4
2020-02-16;5;0;1;3;0;11;0;3;0;16
2020-02-17;10;9;17;18;7;36;2;8;12;7
2020-02-18;8;6;5;41;15;48;10;6;9;152
2020-02-19;26;0;9;15;21;10;21;57;10;43
2020-02-20;47;3;28;39;17;18;10;9;6;32
2020-02-21;13;11;10;9;62;18;36;7;16;27
2020-02-22;8;5;1;3;7;14;9;2;1;7
2020-02-23;23;38;9;1;19;2;6;1;4;6
2020-02-24;9;6;4;13;28;13;3;3;6;119
2020-02-25;4;5;4;5;5;7;5;1;42;22
2020-02-26;18;3;3;12;6;7;4;3;22;7
2020-02-27;17;12;1;15;19;7;2;2;9;5
2020-02-28;12;14;4;41;23;9;5;3;17;17
2020-02-29;10;1;3;18;18;2;7;0;6;8
2020-03-01;6;0;0;6;4;7;81;1;2;0
2020-03-02;2;38;19;18;156;50;41;16;12;16
2020-03-03;22;18;1;17;45;27;9;22;6;31
2020-03-04;16;7;5;22;70;41;8;16;9;11
2020-03-05;14;6;2;34;22;23;4;2;16;14
2020-03-06;14;9;4;86;189;74;27;0;39;41
2020-03-07;11;13;14;15;48;11;7;0;7;8
2020-03-08;3;6;6;5;10;9;1;1;2;11
2020-03-09;29;1;3;28;18;24;10;2;8;13
2020-03-10;65;17;7;66;7;119;5;2;45;34
2020-03-11;26;6;6;50;8;21;2;4;5;12
2020-03-12;34;11;9;3;21;13;8;2;14;18
2020-03-13;15;13;1;8;15;12;2;6;3;21
2020-03-14;9;11;6;8;7;7;8;13;7;5
2020-03-15;14;4;2;1;0;14;0;1;1;4
2020-03-16;82;11;18;8;27;1196;40;165;10;25
2020-03-17;6;1;3;1;6;73;1;22;37;8
2020-03-18;6;3;4;0;2;7;43;1;33;43
2020-03-19;3;0;4;30;5;7;1;0;5;3
2020-03-20;7;6;4;5;5;9;10;3;7;7
2020-03-21;2;3;2;2;0;4;1;3;3;1
2020-03-22;2;0;5;1;1;12;2;0;0;0
2020-03-23;15;0;14;0;3;7;0;0;85;4
2020-03-24;60;16;6;8;5;4;10;9;21;6
2020-03-25;37;8;4;2;0;14;0;1;3;9
2020-03-26;8;6;2;0;3;14;1;1;1;11
2020-03-27;11;2;4;0;0;7;7;4;1;8
2020-03-28;5;0;0;0;0;0;4;4;2;13
2020-03-29;8;0;1;0;0;11;1;0;0;4
2020-03-30;18;5;11;0;1;58;8;0;17;2
2020-03-31;46;4;3;2;1;27;8;1;9;4
2020-04-01;6;5;1;1;0;7;15;0;6;4
2020-04-02;4;0;0;5;11;5;0;0;2;2
2020-04-03;9;3;5;0;4;38;3;1;0;3
2020-04-04;6;2;0;1;3;9;0;0;3;1
2020-04-05;0;2;0;0;2;2;8;1;4;0
2020-04-06;12;0;6;1;2;6;1;1;5;2
2020-04-07;6;0;7;0;0;4;3;0;3;5
2020-04-08;11;1;44;1;2;1;2;0;4;0
2020-04-09;9;0;2;0;5;1;0;1;2;1
2020-04-10;19;5;1;1;1;5;1;0;3;2
2020-04-11;17;2;5;1;0;8;2;0;1;1
2020-04-12;24;1;1;1;1;3;2;0;5;2
2020-04-13;51;32;6;0;9;32;43;1;13;4
2020-04-14;5;1;3;2;1;33;5;9;6;21
2020-04-15;6;3;1;0;4;2;0;0;4;14
2020-04-16;14;1;1;0;2;9;0;0;2;3
2020-04-17;15;0;5;4;1;10;0;0;0;5
2020-04-18;6;0;3;1;5;7;2;1;0;1
2020-04-19;2;0;1;1;0;5;2;0;0;1
2020-04-20;1;0;15;0;0;2;0;0;1;2
2020-04-21;2;3;4;1;8;8;0;0;1;2
2020-04-22;5;6;9;0;1;15;1;1;1;4
2020-04-23;4;3;5;0;0;1;0;144;0;119
2020-04-24;1;0;9;1;1;4;2;17;2;19
2020-04-25;1;0;2;0;10;2;0;0;0;0
2020-04-26;0;9;0;1;3;1;0;0;1;1
2020-04-27;0;4;1;0;5;6;0;2;3;6
2020-04-28;15;0;1;1;4;5;0;8;9;2
2020-04-29;12;0;2;0;11;2;0;0;5;3
2020-04-30;3;1;1;3;2;0;7;0;1;3
2020-05-01;1;0;1;1;0;12;1;0;0;0
2020-05-02;0;1;2;0;0;5;0;1;3;1
2020-05-03;3;2;0;3;0;1;0;0;1;0
2020-05-04;15;1;2;0;24;4;0;0;3;8
2020-05-05;1;2;0;3;10;6;2;1;1;6
2020-05-06;3;2;3;8;1;3;12;0;39;4
2020-05-07;8;3;2;1;0;5;1;0;11;0
2020-05-08;12;1;2;0;1;19;2;0;2;6
2020-05-09;4;1;3;0;3;9;0;1;1;2
2020-05-10;1;3;0;1;0;2;0;1;1;2
2020-05-11;2;2;3;0;14;6;2;0;1;7
2020-05-12;3;0;5;3;5;1;3;4;2;4
2020-05-13;19;7;0;2;9;8;7;3;4;13
2020-05-14;5;11;0;3;3;5;1;2;0;7
2020-05-15;3;2;2;1;2;0;0;1;2;4
2020-05-16;4;0;2;0;0;1;0;0;2;2
2020-05-17;6;0;0;0;0;2;0;0;12;1
2020-05-18;27;1;1;4;30;4;29;2;20;15
2020-05-19;4;2;4;10;12;4;3;0;3;4
2020-05-20;4;5;6;1;14;8;5;0;9;13
2020-05-21;49;0;2;0;3;6;0;1;3;3
2020-05-22;4;20;4;0;0;3;1;1;0;4
2020-05-23;9;10;3;0;4;0;1;3;1;1
2020-05-24;1;0;0;0;1;0;0;0;0;0
2020-05-25;24;1;4;3;29;190;21;8;6;378
2020-05-26;38;6;16;25;6;42;1;2;25;33
2020-05-27;22;6;97;10;13;18;3;2;10;54
2020-05-28;21;6;15;3;14;7;2;1;7;10
2020-05-29;32;2;1;3;17;21;18;0;2;12
2020-05-30;7;1;0;0;6;8;2;1;0;3
2020-05-31;9;6;4;48;43;2;40;0;23;17
2020-06-01;27;21;0;5;39;19;2;3;8;1
2020-06-02;30;2;0;17;11;44;39;7;8;0
2020-06-03;40;2;2;1;7;2;5;1;6;0
2020-06-04;28;18;7;3;15;20;5;1;0;5
2020-06-05;6;21;12;3;9;52;10;1;2;3
2020-06-06;34;51;3;8;6;2;4;1;1;4
2020-06-07;32;17;4;0;4;120;4;2;0;1
2020-06-08;13;7;9;1;6;51;7;13;2;8
2020-06-09;22;4;1;7;35;12;0;4;1;3
2020-06-10;16;5;1;0;2;6;2;5;2;6
2020-06-11;28;1;2;2;1;7;0;2;5;170
2020-06-12;4;0;8;2;1;17;3;2;4;20
2020-06-13;6;3;4;3;6;11;2;0;0;71
2020-06-14;70;0;0;0;0;21;0;1;0;14
2020-06-15;34;5;3;7;3;31;9;7;6;29
2020-06-16;36;1;9;3;6;20;9;2;4;18
2020-06-17;16;1;2;7;2;16;0;0;1;2
2020-06-18;13;6;2;1;5;14;14;0;8;17
2020-06-19;10;1;3;11;11;8;7;1;11;3
2020-06-20;5;3;1;4;2;6;3;0;4;6
2020-06-21;9;0;0;1;0;5;0;0;1;1
2020-06-22;7;5;1;25;8;15;4;4;32;19
2020-06-23;15;9;5;3;15;8;4;1;3;7
2020-06-24;7;293;4;0;8;5;15;6;2;3
2020-06-25;7;25;8;1;5;6;7;12;4;92
2020-06-26;9;6;3;2;9;8;4;4;7;14
2020-06-27;3;4;0;1;2;5;0;0;1;5
2020-06-28;1;4;2;1;2;1;2;0;3;1
2020-06-29;9;12;3;1;23;6;0;0;4;3
2020-06-30;17;16;13;3;13;20;3;0;3;4
2020-07-01;17;9;2;0;11;34;4;0;13;18
2020-07-02;16;31;21;0;6;17;1;5;7;15
2020-07-03;65;24;8;2;26;8;2;1;17;10
2020-07-04;23;7;0;1;12;25;1;2;12;6
2020-07-05;19;0;1;1;3;7;3;0;1;2
2020-07-06;2116;13;3;4;4;9;8;0;3;6
2020-07-07;473;6;10;3;17;36;9;195;8;13
2020-07-08;47;45;5;1;34;218;4;277;10;11
2020-07-09;158;43;26;16;68;187;16;77;36;52
2020-07-10;43;8;15;25;38;145;16;35;41;28
2020-07-11;41;18;7;1;12;88;3;32;2;2
2020-07-12;7;4;2;2;16;38;1;36;7;1
2020-07-13;34;16;6;0;31;66;0;5;1;3
2020-07-14;43;0;55;2;13;35;8;2;2;35
2020-07-15;34;10;69;4;20;150;4;4;6;43
2020-07-16;66;3;34;3;41;86;1;9;8;64
2020-07-17;100;3;94;7;106;40;30;5;7;47
2020-07-18;13;3;3;0;12;6;0;3;4;10
2020-07-19;18;99;2;1;8;8;41;8;7;49
2020-07-20;102;93;22;6;13;81;11;12;18;58
2020-07-21;36;34;13;3;8;8;0;9;7;7
2020-07-22;103;11;10;2;1;4;3;14;9;4
2020-07-23;124;16;25;3;11;26;1;30;5;11
2020-07-24;115;12;20;0;29;16;29;23;9;10
2020-07-25;28;1;2;1;4;10;17;2;0;3
2020-07-26;23;8;7;0;5;2;9;7;15;13
2020-07-27;22;8;9;2;7;14;9;2;22;33
2020-07-28;9;1;12;24;7;13;6;7;16;61
2020-07-29;13;5;6;2;4;5;2;1;30;25
2020-07-30;33;3;12;2;11;111;2;2;6;12
2020-07-31;125;3;5;2;19;108;3;0;12;23
2020-08-01;20;3;0;0;0;28;3;16;1;5
2020-08-02;7;6;2;0;17;21;4;8;9;2
2020-08-03;18;2;36;21;61;47;8;5;2;66
2020-08-04;223;1;13;1;32;50;11;22;3;12
2020-08-05;90;23;23;8;28;265;43;4;2;35
2020-08-06;70;22;18;2;3;33;34;7;10;20
2020-08-07;98;79;180;17;92;115;36;73;13;18
2020-08-08;58;10;4;4;33;39;10;15;14;18
2020-08-09;41;12;18;5;27;77;26;8;19;19
2020-08-10;127;22;35;7;40;225;95;10;24;49
2020-08-11;44;30;21;69;80;85;152;19;37;48
2020-08-12;40;5;132;8;13;58;52;1;19;27
2020-08-13;316;8;81;16;19;28;35;0;3;26
2020-08-14;55;36;11;6;25;81;4;21;2;39
2020-08-15;20;5;14;0;26;54;7;6;4;9
2020-08-16;27;4;4;0;2;23;3;0;8;3
2020-08-17;43;2;19;4;12;36;58;30;88;5
2020-08-18;24;24;15;0;1;9;23;3;222;14
2020-08-19;9;2;3;2;10;3;2;1;17;3
2020-08-20;18;0;9;0;4;22;1;1;15;7
2020-08-21;44;3;41;0;44;17;4;9;82;2
2020-08-22;11;2;23;0;99;15;11;2;26;1
2020-08-23;18;3;8;2;103;88;1;60;102;59
2020-08-24;39;13;24;12;22;50;11;26;84;18
2020-08-25;21;7;6;1;9;8;14;3;40;24
2020-08-26;50;39;5;165;1;12;12;1;19;10
2020-08-27;33;17;28;20;19;13;0;1;10;19
2020-08-28;128;8;136;15;9;10;4;8;39;8
2020-08-29;7;2;14;1;1;8;1;2;1;3
2020-08-30;3;0;5;0;3;12;2;2;3;3
2020-08-31;5;0;7;1;5;28;7;40;7;16
2020-09-01;16;4;5;0;4;2;548;16;28;34
2020-09-02;46;5;7;2;7;163;55;8;43;236
2020-09-03;34;13;3;2;4;145;10;5;7;58
2020-09-04;54;19;0;5;29;42;14;3;36;10
2020-09-05;8;2;4;0;80;186;14;3;14;22
2020-09-06;12;0;1;0;14;326;2;0;3;24
2020-09-07;11;6;4;2;17;190;3;2;39;99
2020-09-08;19;0;2;4;14;179;1;2;10;23
2020-09-09;38;4;20;12;5;98;9;0;8;42
2020-09-10;16;4;4;1;16;32;12;42;9;177
2020-09-11;32;17;7;105;10;222;98;14;11;35
2020-09-12;19;9;4;21;4;16;20;2;8;29
2020-09-13;14;30;1;5;8;3;5;7;14;20
2020-09-14;374;4;7;6;37;66;25;13;14;28
2020-09-15;38;3;14;6;15;79;6;2;16;38
2020-09-16;39;9;10;1;16;76;40;3;8;27
2020-09-17;52;5;18;9;10;35;13;26;9;166
2020-09-18;153;29;32;47;34;147;18;19;12;205
2020-09-19;35;8;20;4;4;58;2;1;0;80
2020-09-20;22;22;5;1;5;66;10;1;13;22
2020-09-21;138;46;308;25;64;105;30;3;35;73
2020-09-22;100;42;198;45;57;300;44;125;39;31
2020-09-23;326;6;119;21;45;182;30;65;48;40
2020-09-24;81;211;32;157;14;25;291;6;18;67
